﻿<?xml version="1.0" encoding="UTF-8"?>
<window id="1115">
  <defaultcontrol always="true">50</defaultcontrol>
  <include>OpenClose</include>
  <controls>
    <control type="group" description="fanart">
      <include>Fanart_Art</include>
    </control>
    <control type="list" id="50">
	  <viewtype label="535">List</viewtype>
        <posx>710</posx>
        <posy>480</posy>
        <width>1210</width>
        <height>576</height>
        <pagecontrol>60</pagecontrol>
        <onleft>9000</onleft>
        <onright>60</onright>
        <onup>50</onup>
        <ondown>50</ondown>
		<preloaditems>4</preloaditems>
		<include>List_Layout</include>
		<content>
		<item id="2" description="Program apps">
              <visible>!Skin.HasSetting(Addons.Hide)</visible>
			  <label>0</label>
              <onclick>ActivateWindow(Programs,Addons,return)</onclick>
            </item>
            <item id="3" description="Video apps">
              <visible>!Skin.HasSetting(Addons.Hide)</visible>
			  <label>1037</label>
              <onclick>ActivateWindow(VideoLibrary,Addons,return)</onclick>
            </item>
            <item id="4" description="Music apps">
              <visible>!Skin.HasSetting(Addons.Hide)</visible>
			  <label>1038</label>
              <onclick condition="Library.HasContent(Music)">ActivateWindow(MusicLibrary,Addons,return)</onclick>
              <onclick condition="!Library.HasContent(Music)">ActivateWindow(MusicFiles,Addons,return)</onclick>
            </item>
            <item id="5" description="Picture apps">
              <visible>!Skin.HasSetting(Addons.Hide)</visible>
			  <label>1039</label>
              <onclick>XBMC.ActivateWindow(Pictures,Addons,return)</onclick>
            </item>
			<item id="51" description="Plexbmc Picture channels">
              <visible>Skin.HasSetting(plexbmc)</visible>
              <label>Picture Channels</label>
              <onclick>ActivateWindow(pictures,&quot;plugin://plugin.video.plexbmc/?url=http://photo&amp;mode=22&quot;,return)</onclick>
            </item>
            <item id="52" description="Plexbmc Video channels">
              <visible>Skin.HasSetting(plexbmc)</visible>
              <label>Video Channels</label>
              <onclick>ActivateWindow(Videos,&quot;plugin://plugin.video.plexbmc/?url=http://video&amp;mode=22&quot;,return)</onclick>
            </item>
            <item id="53" description="Plexbmc Music channels">
              <visible>Skin.HasSetting(plexbmc)</visible>
              <label>Music Channels</label>
              <onclick condition="!Library.HasContent(music)">ActivateWindow(MusicFiles,&quot;plugin://plugin.video.plexbmc/?url=http://music&amp;mode=22&quot;,return)</onclick>
              <onclick condition="Library.HasContent(music)">ActivateWindow(MusicLibrary,&quot;plugin://plugin.video.plexbmc/?url=http://music&amp;mode=22&quot;,return)</onclick>
            </item>
			<item id="50" description="Channels">
              <visible>Skin.HasSetting(plexbmc)</visible>
              <label>Channels Directory</label>
              <thumb>special://skin/backgrounds/Channels.jpg</thumb>
              <onclick>ActivateWindow(Videos,&quot;plugin://plugin.video.plexbmc/?mode=22&amp;url=http://online%2fsystem%2fplugins%2fall&quot;,return)</onclick>
            </item>
			<item id="2" description="Addons">
              <visible>!Skin.HasSetting(Addons.Hide)</visible>
              <label>24011</label>
              <thumb fallback="special://skin/backgrounds/Addons.jpg">$INFO[Skin.String(Addons.Background)]</thumb>
              <onclick>ActivateWindow(AddonBrowser,root)</onclick>
            </item>
		</content>
      </control>
	  <control type="image" description="Thumb BG">
          <posx>60</posx>
          <posy>480</posy>
          <width>555</width>
          <height>555</height>
          <bordersize>-28</bordersize>
          <include>SquareThumbBG</include>
        </control>
		<control type="image" description="Thumb">
          <posx>60</posx>
          <posy>480</posy>
          <width>555</width>
          <height>555</height>
          <include>Icon_Fade</include>
          <texture diffuse="thumbs/SquareDiffuse.png">AddonIcon.png</texture>
          <aspectratio aligny="top" scalediffuse="false">scale</aspectratio>
        </control>
		<include>Time</include>
  </controls>
</window>