﻿<?xml version="1.0" encoding="UTF-8"?>
<includes>
  <default type="label">
    <posx>0</posx>
    <posy>0</posy>
    <height>60</height>
    <align>left</align>
    <aligny>center</aligny>
    <font>size22</font>
    <textcolor>Grey2</textcolor>
	<shadowcolor>ShadowDark</shadowcolor>
    <focusedcolor>White2</focusedcolor>
    <selectedcolor>Orange</selectedcolor>
    <disabledcolor>Disabled</disabledcolor>
    <scroll>true</scroll>
    <scrollspeed>50</scrollspeed>
    <scrollsuffix>  •  </scrollsuffix>
  </default>
  <default type="fadelabel">
    <posx>0</posx>
    <posy>0</posy>
    <height>60</height>
    <align>left</align>
    <aligny>center</aligny>
    <font>size22</font>
    <textoffsetx>0</textoffsetx>
    <textcolor>White</textcolor>
	<shadowcolor>ShadowDark</shadowcolor>
    <focusedcolor>White2</focusedcolor>
    <selectedcolor>Orange</selectedcolor>
    <disabledcolor>Disabled</disabledcolor>
    <scrollout>false</scrollout>
    <pauseatend>3000</pauseatend>
    <scrollsuffix>  •  </scrollsuffix>
  </default>
  <default type="textbox">
    <align>justify</align>
    <font>InfoPlot</font>
    <textcolor>White</textcolor>
	<shadowcolor>ShadowDark</shadowcolor>
    <focusedcolor>White2</focusedcolor>
    <selectedcolor>Orange</selectedcolor>
    <disabledcolor>Disabled</disabledcolor>
    <pagecontrol>61</pagecontrol>
    <pulseonselect>false</pulseonselect>
    <autoscroll delay="6000" time="4000" repeat="10000">Skin.HasSetting(AutoScroll)</autoscroll>
  </default>
  <default type="image">
    <align>center</align>
    <aligny>center</aligny>
    <aspectratio>stretch</aspectratio>
  </default>
  <default type="button">
    <posx>0</posx>
    <posy>0</posy>
    <width>390</width>
    <height>60</height>
    <align>left</align>
    <aligny>center</aligny>
    <font>size22</font>
    <textoffsetx>20</textoffsetx>
    <textcolor>White</textcolor>
	<shadowcolor>ShadowDark</shadowcolor>
    <focusedcolor>White2</focusedcolor>
	<selectedcolor>Orange</selectedcolor>
    <disabledcolor>Disabled</disabledcolor>
    <texturefocus border="2">buttons/ButtonFO.png</texturefocus>
    <texturenofocus border="3">buttons/ButtonNF.png</texturenofocus>
    <pulseonselect>false</pulseonselect>
  </default>
  <default type="edit">
    <posx>0</posx>
    <posy>0</posy>
    <width>390</width>
    <height>60</height>
    <align>left</align>
    <aligny>center</aligny>
    <font>size22</font>
    <textoffsetx>20</textoffsetx>
    <textcolor>White</textcolor>
	<shadowcolor>ShadowDark</shadowcolor>
    <focusedcolor>White2</focusedcolor>
    <selectedcolor>Orange</selectedcolor>
    <disabledcolor>Disabled</disabledcolor>
    <texturefocus border="2">buttons/ButtonFO.png</texturefocus>
	<texturenofocus border="3">buttons/ButtonNF.png</texturenofocus>
  </default>
  <default type="togglebutton">
    <posx>0</posx>
    <posy>0</posy>
    <width>450</width>
    <height>60</height>
    <align>left</align>
    <aligny>center</aligny>
    <font>size22</font>
    <textoffsetx>20</textoffsetx>
    <textcolor>White</textcolor>
	<shadowcolor>ShadowDark</shadowcolor>
    <focusedcolor>White2</focusedcolor>
    <selectedcolor>White2</selectedcolor>
    <altselectedcolor>Orange</altselectedcolor>
    <disabledcolor>Disabled</disabledcolor>
    <texturefocus border="2">buttons/ButtonFO.png</texturefocus>
    <texturenofocus border="3">buttons/ButtonNF.png</texturenofocus>
	<alttexturefocus border="2">buttons/ButtonFO.png</alttexturefocus>
    <alttexturenofocus border="3">buttons/ButtonNF.png</alttexturenofocus>
	<pulseonselect>false</pulseonselect>
  </default>
  <default type="radiobutton">
    <posx>0</posx>
    <posy>0</posy>
    <height>60</height>
    <align>left</align>
    <aligny>center</aligny>
    <font>size22</font>
    <textcolor>White</textcolor>
	<shadowcolor>ShadowDark</shadowcolor>
    <focusedcolor>White2</focusedcolor>
    <selectedcolor>Orange</selectedcolor>
    <disabledcolor>Disabled</disabledcolor>
    <radiowidth>80</radiowidth>
    <radioheight>60</radioheight>
    <texturefocus border="2">buttons/ButtonFO.png</texturefocus>
    <texturenofocus border="3">buttons/ButtonNF.png</texturenofocus>
	<textureradiofocus>buttons/RadioOn.png</textureradiofocus>
    <textureradionofocus>buttons/RadioOff.png</textureradionofocus>
	<textoffsetx>20</textoffsetx>
    <pulseonselect>false</pulseonselect>
  </default>
  <default type="spincontrol">
    <posx>0</posx>
    <posy>0</posy>
    <height>40</height>
	<width>26</width>
	<textureup>buttons/SpinUpNF.png</textureup>
    <textureupfocus>buttons/SpinUpFO.png</textureupfocus>
    <texturedown>buttons/SpinDownNF.png</texturedown>
    <texturedownfocus>buttons/SpinDownFO.png</texturedownfocus>
	<!--<textureup>img/ArrowUpNF.png</textureup>
    <textureupfocus>img/ArrowUpFO.png</textureupfocus>
    <texturedown>img/ArrowDownNF.png</texturedown>
    <texturedownfocus>img/ArrowDownFO.png</texturedownfocus>-->
    <texturefocus border="2">buttons/ButtonFO.png</texturefocus>
    <texturenofocus border="3">buttons/ButtonNF.png</texturenofocus>
	<spinwidth>26</spinwidth>
    <spinheight>40</spinheight>
    <font>size22</font>
    <textcolor>White</textcolor>
	<shadowcolor>ShadowDark</shadowcolor>
    <focusedcolor>White2</focusedcolor>
    <selectedcolor>Orange</selectedcolor>
    <disabledcolor>Disabled</disabledcolor>
    <textoffsetx>20</textoffsetx>
    <align>right</align>
    <aligny>center</aligny>
    <reverse>yes</reverse>
    <pulseonselect>false</pulseonselect>
  </default>
  <default type="spincontrolex">
    <posx>0</posx>
    <spinposx>7</spinposx>
	<posy>0</posy>
    <height>60</height>
    <font>size22</font>
	<textureup>buttons/SpinUpNF.png</textureup>
    <textureupfocus>buttons/SpinUpFO.png</textureupfocus>
    <texturedown>buttons/SpinDownNF.png</texturedown>
    <texturedownfocus>buttons/SpinDownFO.png</texturedownfocus>
    <!--<textureup>img/ArrowUpNF.png</textureup>
    <textureupfocus>img/ArrowUpFO.png</textureupfocus>
    <texturedown>img/ArrowDownNF.png</texturedown>
    <texturedownfocus>img/ArrowDownFO.png</texturedownfocus>-->
    <texturefocus border="2">buttons/ButtonFO.png</texturefocus>
    <texturenofocus border="3">buttons/ButtonNF.png</texturenofocus>
	<spinwidth>40</spinwidth>
    <spinheight>60</spinheight>
    <textcolor>White</textcolor>
	<shadowcolor>ShadowDark</shadowcolor>
    <focusedcolor>White2</focusedcolor>
    <selectedcolor>Orange</selectedcolor>
    <disabledcolor>Disabled</disabledcolor>
    <textoffsetx>20</textoffsetx>
    <align>left</align>
    <aligny>center</aligny>
    <reverse>yes</reverse>
    <pulseonselect>false</pulseonselect>
  </default>
  <default type="slider" description="Default Slider">
    <align>left</align>
    <aligny>center</aligny>
	<visible>true</visible>
    <height>60</height>
	<sliderwidth>180</sliderwidth>
    <sliderheight>60</sliderheight>
    <texturesliderbar>buttons/SliderBG.png</texturesliderbar>
    <textureslidernib>buttons/SliderNibNF.png</textureslidernib>
    <textureslidernibfocus>buttons/SliderNibFO.png</textureslidernibfocus>
	<textoffsetx>20</textoffsetx>
  </default>
  <default type="sliderex" description="Default Slider">
    <align>left</align>
    <aligny>center</aligny>
	<height>60</height>
    <sliderwidth>180</sliderwidth>
    <sliderheight>60</sliderheight>
    <texturesliderbar>buttons/SliderBG.png</texturesliderbar>
    <textureslidernib>buttons/SliderNibNF.png</textureslidernib>
    <textureslidernibfocus>buttons/SliderNibFO.png</textureslidernibfocus>
    <texturefocus border="2">buttons/ButtonFO.png</texturefocus>
    <texturenofocus border="3">buttons/ButtonNF.png</texturenofocus>
    <font>size22</font>
    <textcolor>White</textcolor>
	<shadowcolor>ShadowDark</shadowcolor>
    <focusedcolor>White2</focusedcolor>
    <selectedcolor>Orange</selectedcolor>
    <disabledcolor>Disabled</disabledcolor>
    <textoffsetx>20</textoffsetx>
  </default>
  <default type="scrollbar">
    <posx>0</posx>
    <posy>0</posy>
    <width>9</width>
    <orientation>vertical</orientation>
    <texturesliderbackground border="0,4,0,4">Scrollbar/ScrollbarBG.png</texturesliderbackground>
    <texturesliderbar border="0,4,0,4">Scrollbar/ScrollerNF.png</texturesliderbar>
    <texturesliderbarfocus border="0,4,0,4">Scrollbar/ScrollerFO.png</texturesliderbarfocus>
    <pulseonselect>false</pulseonselect>
    <showonepage>false</showonepage>
  </default>
</includes>