﻿<?xml version="1.0" encoding="UTF-8"?>
<window type="dialog">
  <zorder>3</zorder>
  <animation type="WindowOpen">
    <effect type="slide" tween="back" easing="out" start="0,0" end="0,100" center="960,930" time="240" />
  </animation>
  <animation type="WindowClose">
    <effect type="slide" tween="cubic" easing="in" start="0,100" end="0,0" center="960,930" time="180" />
  </animation>
  <controls>
    <control type="group">
	<posx>609</posx>
      <posy>-100</posy>
	  <control type="image" description="background">
      <posx>0</posx>
      <posy>0</posy>
      <width>763</width>
        <height>136</height>
        <texture>dialogs/ScanBG.png</texture>
    </control>
	<control type="image" id="400" description="File Icon">
          <posx>12</posx>
          <posy>12</posy>
          <width>112</width>
          <height>112</height>
          <texture>DefaultIconWarning.png</texture>
        </control>
        <control type="image" id="403" description="Default Icon">
          <visible>false</visible>
		  <posx>12</posx>
          <posy>12</posy>
          <width>112</width>
          <height>112</height>
          <texture>DefaultIconWarning.png</texture>
        </control>
        <control type="image" id="404" description="Default Warning">
          <visible>false</visible>
		  <posx>12</posx>
          <posy>12</posy>
          <width>112</width>
          <height>112</height>
          <texture>DefaultIconWarning.png</texture>
        </control>
        <control type="image" id="405" description="Default Error">
          <visible>false</visible>
		  <posx>12</posx>
          <posy>12</posy>
          <width>112</width>
          <height>112</height>
          <texture>DefaultIconWarning.png</texture>
        </control>
		<control type="label" id="401" description="Heading">
          <posx>153</posx>
          <posy>12</posy>
		  <height>64</height>
		  <width>570</width>
          <scroll>true</scroll>
        </control>
        <control type="label" id="402" description="Message">
          <posx>153</posx>
          <posy>60</posy>
		  <height>64</height>
		  <width>570</width>
          <scroll>true</scroll>
        </control>
	</control>	
    
  </controls>
</window>