﻿<?xml version="1.0" encoding="UTF-8"?>
<window>
  <defaultcontrol always="true">300</defaultcontrol>
  
  <controls>
  
    <control type="group">
      <visible>!Window.IsVisible(numericinput)</visible>
	  <posx>0</posx>
      <posy>-30</posy>
      <control type="image">
      <posx>480</posx>
      <posy>360</posy>
      <width>972</width>
      <height>750</height>
      <texture border="50">dialogs/TinyDialog.png</texture>
    </control>
    <control type="image">
      <posx>550</posx>
      <posy>471</posy>
      <width>834</width>
      <height>60</height>
      <texture border="8">img/WhiteRoundedT.png</texture>
    </control>
	<control type="label" id="311" description="Heading">
        <posx>560</posx>
        <posy>405</posy>
        <width>800</width>
        <textcolor>Orange</textcolor>
		<align>center</align>
      </control>
      <control type="group">
        <posx>0</posx>
        <posy>150</posy>
        <control type="label" id="310" description="Edit Text">
          <posx>570</posx>
          <posy>318</posy>
          <width>790</width>
          <height>60</height>
          <textcolor>White2</textcolor>
          <font>Keyboard</font>
          <scroll>true</scroll>
        </control>
        <control type="group">
          <posx>540</posx>
          <posy>390</posy>
          <control type="group" description="1st row">
            <control type="button" id="65">
              <description>A button</description>
              <posx>0</posx>
              <posy>0</posy>
              <onleft>306</onleft>
              <onright>66</onright>
              <onup>305</onup>
              <ondown>71</ondown>
              <include>KeyboardButtons</include>
            </control>
            <control type="button" id="66">
              <description>B button</description>
              <posx>80</posx>
              <posy>0</posy>
              <onleft>65</onleft>
              <onright>67</onright>
              <onup>32</onup>
              <ondown>72</ondown>
              <include>KeyboardButtons</include>
            </control>
            <control type="button" id="67">
              <description>C button</description>
              <posx>160</posx>
              <posy>0</posy>
              <onleft>66</onleft>
              <onright>68</onright>
              <onup>32</onup>
              <ondown>73</ondown>
              <include>KeyboardButtons</include>
            </control>
            <control type="button" id="68">
              <description>D button</description>
              <posx>240</posx>
              <posy>0</posy>
              <onleft>67</onleft>
              <onright>69</onright>
              <onup>32</onup>
              <ondown>74</ondown>
              <include>KeyboardButtons</include>
            </control>
            <control type="button" id="69">
              <description>E button</description>
              <posx>320</posx>
              <posy>0</posy>
              <onleft>68</onleft>
              <onright>70</onright>
              <onup>32</onup>
              <ondown>75</ondown>
              <include>KeyboardButtons</include>
            </control>
            <control type="button" id="70">
              <description>F button</description>
              <posx>400</posx>
              <posy>0</posy>
              <onleft>69</onleft>
              <onright>8</onright>
              <onup>306</onup>
              <ondown>76</ondown>
              <include>KeyboardButtons</include>
            </control>
          </control>
          <control type="group" description="2nd row">
            <posy>72</posy>
            <control type="button" id="71">
              <description>G button</description>
              <posx>0</posx>
              <posy>0</posy>
              <onleft>304</onleft>
              <onright>72</onright>
              <onup>65</onup>
              <ondown>77</ondown>
              <include>KeyboardButtons</include>
            </control>
            <control type="button" id="72">
              <description>H button</description>
              <posx>80</posx>
              <posy>0</posy>
              <onleft>71</onleft>
              <onright>73</onright>
              <onup>66</onup>
              <ondown>78</ondown>
              <include>KeyboardButtons</include>
            </control>
            <control type="button" id="73">
              <description>I button</description>
              <posx>160</posx>
              <posy>0</posy>
              <onleft>72</onleft>
              <onright>74</onright>
              <onup>67</onup>
              <ondown>79</ondown>
              <include>KeyboardButtons</include>
            </control>
            <control type="button" id="74">
              <description>J button</description>
              <posx>240</posx>
              <posy>0</posy>
              <onleft>73</onleft>
              <onright>75</onright>
              <onup>68</onup>
              <ondown>80</ondown>
              <include>KeyboardButtons</include>
            </control>
            <control type="button" id="75">
              <description>K button</description>
              <posx>320</posx>
              <posy>0</posy>
              <onleft>74</onleft>
              <onright>76</onright>
              <onup>69</onup>
              <ondown>81</ondown>
              <include>KeyboardButtons</include>
            </control>
            <control type="button" id="76">
              <description>L button</description>
              <posx>400</posx>
              <posy>0</posy>
              <onleft>75</onleft>
              <onright>304</onright>
              <onup>70</onup>
              <ondown>82</ondown>
              <include>KeyboardButtons</include>
            </control>
          </control>
          <control type="group" description="3rd row">
            <posy>144</posy>
            <control type="button" id="77">
              <description>M button</description>
              <posx>0</posx>
              <posy>0</posy>
              <onleft>307</onleft>
              <onright>78</onright>
              <onup>71</onup>
              <ondown>83</ondown>
              <include>KeyboardButtons</include>
            </control>
            <control type="button" id="78">
              <description>N button</description>
              <posx>80</posx>
              <posy>0</posy>
              <onleft>77</onleft>
              <onright>79</onright>
              <onup>72</onup>
              <ondown>84</ondown>
              <include>KeyboardButtons</include>
            </control>
            <control type="button" id="79">
              <description>O button</description>
              <posx>160</posx>
              <posy>0</posy>
              <onleft>78</onleft>
              <onright>80</onright>
              <onup>73</onup>
              <ondown>85</ondown>
              <include>KeyboardButtons</include>
            </control>
            <control type="button" id="80">
              <description>P button</description>
              <posx>240</posx>
              <posy>0</posy>
              <onleft>79</onleft>
              <onright>81</onright>
              <onup>74</onup>
              <ondown>86</ondown>
              <include>KeyboardButtons</include>
            </control>
            <control type="button" id="81">
              <description>Q button</description>
              <posx>320</posx>
              <posy>0</posy>
              <onleft>80</onleft>
              <onright>82</onright>
              <onup>75</onup>
              <ondown>87</ondown>
              <include>KeyboardButtons</include>
            </control>
            <control type="button" id="82">
              <description>R button</description>
              <posx>400</posx>
              <posy>0</posy>
              <onleft>81</onleft>
              <onright>307</onright>
              <onup>76</onup>
              <ondown>88</ondown>
              <include>KeyboardButtons</include>
            </control>
          </control>
          <control type="group" description="4th row">
            <posy>216</posy>
            <control type="button" id="83">
              <description>S button</description>
              <posx>0</posx>
              <posy>0</posy>
              <onleft>303</onleft>
              <onright>84</onright>
              <onup>77</onup>
              <ondown>89</ondown>
              <include>KeyboardButtons</include>
            </control>
            <control type="button" id="84">
              <description>T button</description>
              <posx>80</posx>
              <posy>0</posy>
              <onleft>83</onleft>
              <onright>85</onright>
              <onup>78</onup>
              <ondown>90</ondown>
              <include>KeyboardButtons</include>
            </control>
            <control type="button" id="85">
              <description>U button</description>
              <posx>160</posx>
              <posy>0</posy>
              <onleft>84</onleft>
              <onright>86</onright>
              <onup>79</onup>
              <ondown>48</ondown>
              <include>KeyboardButtons</include>
            </control>
            <control type="button" id="86">
              <description>V button</description>
              <posx>240</posx>
              <posy>0</posy>
              <onleft>85</onleft>
              <onright>87</onright>
              <onup>80</onup>
              <ondown>49</ondown>
              <include>KeyboardButtons</include>
            </control>
            <control type="button" id="87">
              <description>W button</description>
              <posx>320</posx>
              <posy>0</posy>
              <onleft>86</onleft>
              <onright>88</onright>
              <onup>81</onup>
              <ondown>50</ondown>
              <include>KeyboardButtons</include>
            </control>
            <control type="button" id="88">
              <description>X button</description>
              <posx>400</posx>
              <posy>0</posy>
              <onleft>87</onleft>
              <onright>303</onright>
              <onup>82</onup>
              <ondown>51</ondown>
              <include>KeyboardButtons</include>
            </control>
          </control>
          <control type="group" description="5th row">
            <posy>288</posy>
            <control type="button" id="89">
              <description>Y button</description>
              <posx>0</posx>
              <posy>0</posy>
              <onleft>302</onleft>
              <onright>90</onright>
              <onup>83</onup>
              <ondown>52</ondown>
              <include>KeyboardButtons</include>
            </control>
            <control type="button" id="90">
              <description>Z button</description>
              <posx>80</posx>
              <posy>0</posy>
              <onleft>89</onleft>
              <onright>48</onright>
              <onup>84</onup>
              <ondown>53</ondown>
              <include>KeyboardButtons</include>
            </control>
            <control type="button" id="48">
              <description>0 button</description>
              <posx>160</posx>
              <posy>0</posy>
              <onleft>90</onleft>
              <onright>49</onright>
              <onup>85</onup>
              <ondown>54</ondown>
              <include>KeyboardButtons</include>
            </control>
            <control type="button" id="49">
              <description>1 button</description>
              <posx>240</posx>
              <posy>0</posy>
              <onleft>48</onleft>
              <onright>50</onright>
              <onup>86</onup>
              <ondown>55</ondown>
              <include>KeyboardButtons</include>
            </control>
            <control type="button" id="50">
              <description>2 button</description>
              <posx>320</posx>
              <posy>0</posy>
              <onleft>49</onleft>
              <onright>51</onright>
              <onup>87</onup>
              <ondown>56</ondown>
              <include>KeyboardButtons</include>
            </control>
            <control type="button" id="51">
              <description>3 button</description>
              <posx>400</posx>
              <posy>0</posy>
              <onleft>50</onleft>
              <onright>302</onright>
              <onup>88</onup>
              <ondown>57</ondown>
              <include>KeyboardButtons</include>
            </control>
          </control>
          <control type="group" description="6th row">
            <posy>360</posy>
            <control type="button" id="52">
              <description>4 button</description>
              <posx>0</posx>
              <posy>0</posy>
              <onleft>57</onleft>
              <onright>53</onright>
              <onup>89</onup>
              <ondown>32</ondown>
              <include>KeyboardButtons</include>
            </control>
            <control type="button" id="53">
              <description>5 button</description>
              <posx>80</posx>
              <posy>0</posy>
              <onleft>52</onleft>
              <onright>54</onright>
              <onup>90</onup>
              <ondown>32</ondown>
              <include>KeyboardButtons</include>
            </control>
            <control type="button" id="54">
              <description>6 button</description>
              <posx>160</posx>
              <posy>0</posy>
              <onleft>53</onleft>
              <onright>55</onright>
              <onup>48</onup>
              <ondown>32</ondown>
              <include>KeyboardButtons</include>
            </control>
            <control type="button" id="55">
              <description>7 button</description>
              <posx>240</posx>
              <posy>0</posy>
              <onleft>54</onleft>
              <onright>56</onright>
              <onup>49</onup>
              <ondown>32</ondown>
              <include>KeyboardButtons</include>
            </control>
            <control type="button" id="56">
              <description>8 button</description>
              <posx>320</posx>
              <posy>0</posy>
              <onleft>55</onleft>
              <onright>57</onright>
              <onup>50</onup>
              <ondown>32</ondown>
              <include>KeyboardButtons</include>
            </control>
            <control type="button" id="57">
              <description>9 button</description>
              <posx>400</posx>
              <posy>0</posy>
              <onleft>56</onleft>
              <onright>52</onright>
              <onup>51</onup>
              <ondown>32</ondown>
              <include>KeyboardButtons</include>
            </control>
          </control>
          <control type="group" description="7th row">
            <posy>432</posy>
            
            <control type="button" id="32">
              <description>SPACE button</description>
              <posx>0</posx>
              <posy>0</posy>
              <width>490</width>
              <label>20182</label>
              <onleft>300</onleft>
              <onright>300</onright>
              <onup>54</onup>
              <ondown>67</ondown>
			  <font>ListDetails</font>
              <include>KeyboardButtons</include>
            </control>
            
          </control>
          <control type="group" description="Column 2">
            <posx>555</posx>
            <control type="button" id="8">
              <description>BACKSPACE button</description>
              <posx>0</posx>
              <posy>0</posy>
              <onleft>70</onleft>
              <onright>305</onright>
              <onup>300</onup>
              <ondown>304</ondown>
			  <font>ListDetails</font>
			  <width>120</width>
              <include>KeyboardButtons</include>
            </control>
			<control type="image" description="Delete Backspace img">
          <posx>9</posx>
          <posy>2</posy>
		  <width>99</width>
		  <aspectratio>keep</aspectratio>
		  <include>KeyboardButtons</include>
		  <texture>common/KeyButtonDel.png</texture>
        </control>
		<control type="button" id="305">
              <description>previous button</description>
              <posx>130</posx>
              <posy>0</posy>
              <label>&lt;</label>
              <onleft>8</onleft>
              <onright>306</onright>
              <onup>300</onup>
              <ondown>304</ondown>
              <include>KeyboardButtons</include>
            </control>
            <control type="button" id="306">
              <description>next button</description>
              <posx>210</posx>
              <posy>0</posy>
              <label>&gt;</label>
              <onleft>305</onleft>
              <onright>65</onright>
              <onup>300</onup>
              <ondown>304</ondown>
              <include>KeyboardButtons</include>
            </control>
			<control type="togglebutton" id="304">
              <description>Symbols button</description>
              <posx>0</posx>
              <posy>72</posy>
              <width>300</width>
              <label>@ ? , # ; ) !</label>
              <altlabel>[COLOR=Orange][UPPERCASE]@ ? , # ; ) ![/UPPERCASE][/COLOR]</altlabel>
              <onleft>76</onleft>
              <onright>71</onright>
              <onup>8</onup>
              <ondown>307</ondown>
			  <font>ListDetails</font>
              <include>KeyboardButtons</include>
            </control>
            <control type="button" id="307">
              <description>IP Input button</description>
              <posx>0</posx>
              <posy>144</posy>
              <width>300</width>
              <label>192.168.1.1</label>
              <onleft>82</onleft>
              <onright>77</onright>
              <onup>304</onup>
              <ondown>303</ondown>
			  <font>ListDetails</font>
              <include>KeyboardButtons</include>
            </control>
            <control type="togglebutton" id="303">
              <description>CAPS LOCK button</description>
              <posx>0</posx>
              <posy>216</posy>
              <width>300</width>
              <onleft>88</onleft>
              <onright>83</onright>
              <onup>307</onup>
              <ondown>302</ondown>
			  <font>ListDetails</font>
              <label>$LOCALIZE[20179]</label>
              <altlabel>[COLOR=Orange][UPPERCASE]$LOCALIZE[20179][/UPPERCASE][/COLOR]</altlabel>
              <include>KeyboardButtons</include>
            </control>
            <control type="togglebutton" id="302" description="Shift">
              <posx>0</posx>
              <posy>288</posy>
              <width>300</width>
              <onleft>51</onleft>
              <onright>89</onright>
              <onup>303</onup>
              <ondown>300</ondown>
			  <font>ListDetails</font>
              <label>$LOCALIZE[20178]</label>
              <altlabel>[COLOR=Orange][UPPERCASE]$LOCALIZE[20178][/UPPERCASE][/COLOR]</altlabel>
              <include>KeyboardButtons</include>
            </control>
            <control type="button" id="300" description="DONE button">
              <posx>0</posx>
              <posy>432</posy>
              <width>300</width>
              <label>[UPPERCASE]$LOCALIZE[20177][/UPPERCASE]</label>
              <onleft>32</onleft>
              <onright>32</onright>
              <onup>302</onup>
              <ondown>8</ondown>
			  <textcolor>FF4fe805</textcolor>
			  <font>ListDetails</font>
              <include>KeyboardButtons</include>
            </control>
          </control>
        </control>
      </control>
    </control>
	
  </controls>
  
  
  
  <!--<controls>
    <control type="image">
      <posx>480</posx>
      <posy>450</posy>
      <width>972</width>
      <height>630</height>
      <texture border="50">dialogs/TinyDialog.png</texture>
    </control>
    <control type="image">
      <posx>550</posx>
      <posy>561</posy>
      <width>840</width>
      <height>60</height>
      <texture border="8">img/WhiteRoundedT.png</texture>
    </control>
	<control type="label" id="311" description="Heading">
        <posx>560</posx>
        <posy>494</posy>
        <width>800</width>
        <textcolor>Orange</textcolor>
		<align>center</align>
      </control>
    <control type="group">
      <posx>510</posx>
      <posy>462</posy>
      <control type="label" id="310">
        <description>Text Entry</description>
        <posx>106</posx>
        <posy>102</posy>
        <width>690</width>
        <height>57</height>
        <font>Keyboard</font>
        <ondown>52</ondown>
        
        <align>center</align>
        <aligny>center</aligny>
      </control>
      <control type="group">
        <posx>25</posx>
        <posy>177</posy>
        <control type="button" id="48">
          <description>'0' button</description>
          <onleft>8</onleft>
          <onright>49</onright>
          <onup>32</onup>
          <ondown>304</ondown>
          <include>KeyboardButtons</include>
        </control>
        <control type="button" id="49">
          <description>'1' button</description>
          <posx>66</posx>
          <onleft>48</onleft>
          <onright>50</onright>
          <onup>32</onup>
          <ondown>304</ondown>
          <include>KeyboardButtons</include>
        </control>
        <control type="button" id="50">
          <description>'2' button</description>
          <posx>132</posx>
          <onleft>49</onleft>
          <onright>51</onright>
          <onup>32</onup>
          <ondown>81</ondown>
          <include>KeyboardButtons</include>
        </control>
        <control type="button" id="51">
          <description>'3' button</description>
          <posx>198</posx>
          <onleft>50</onleft>
          <onright>52</onright>
          <onup>32</onup>
          <ondown>87</ondown>
          <include>KeyboardButtons</include>
        </control>
        <control type="button" id="52">
          <description>'4' button</description>
          <posx>264</posx>
          <onleft>51</onleft>
          <onright>53</onright>
          <onup>32</onup>
          <ondown>69</ondown>
          <include>KeyboardButtons</include>
        </control>
        <control type="button" id="53">
          <description>'5' button</description>
          <posx>330</posx>
          <onleft>52</onleft>
          <onright>54</onright>
          <onup>32</onup>
          <ondown>82</ondown>
          <include>KeyboardButtons</include>
        </control>
        <control type="button" id="54">
          <description>'6' button</description>
          <posx>396</posx>
          <onleft>53</onleft>
          <onright>55</onright>
          <onup>32</onup>
          <ondown>84</ondown>
          <include>KeyboardButtons</include>
        </control>
        <control type="button" id="55">
          <description>'7' button</description>
          <posx>462</posx>
          <onleft>54</onleft>
          <onright>56</onright>
          <onup>304</onup>
          <ondown>73</ondown>
          <include>KeyboardButtons</include>
        </control>
        <control type="button" id="56">
          <description>'8' button</description>
          <posx>528</posx>
          <onleft>55</onleft>
          <onright>57</onright>
          <onup>304</onup>
          <ondown>79</ondown>
          <include>KeyboardButtons</include>
        </control>
        <control type="button" id="57">
          <description>'9' button</description>
          <posx>594</posx>
          <onleft>56</onleft>
          <onright>48</onright>
          <onup>307</onup>
          <ondown>80</ondown>
          <include>KeyboardButtons</include>
        </control>
		<control type="button" id="8">
          <description>Delete button</description>
          <posx>670</posx>
          <onleft>77</onleft>
          <onright>302</onright>
          <onup>76</onup>
          <ondown>300</ondown>
          <font>ListDetails</font>
		  <width>205</width>
		  <include>KeyboardButtons</include>
        </control>
		<control type="image">
          <description>Delete img</description>
          <posx>720</posx>
          <onleft>77</onleft>
          <onright>302</onright>
          <onup>76</onup>
          <ondown>300</ondown>
          <width>100</width>
		  <aspectratio>keep</aspectratio>
		  <include>KeyboardButtons</include>
		  <texture>common/KeyButtonDel.png</texture>
        </control>
      </control>
      <control type="group">
        <posx>140</posx>
        <posy>255</posy>
        <control type="togglebutton" id="304">
          <description>SYMBOLS button</description>
          <posx>-115</posx>
          <label>?.);@,</label>
          <onleft>300</onleft>
          <onright>305</onright>
          <onup>302</onup>
          <ondown>48</ondown>
          <width>125</width>
		  <font>ListDetails</font>
		  <include>KeyboardButtons</include>
        </control>
		<control type="button" id="81">
          <description>'Q' button</description>
          <onleft>80</onleft>
          <onright>87</onright>
          <onup>48</onup>
          <ondown>65</ondown>
          <include>KeyboardButtons</include>
        </control>
        <control type="button" id="87">
          <description>'W' button</description>
          <posx>66</posx>
          <onleft>81</onleft>
          <onright>69</onright>
          <onup>49</onup>
          <ondown>83</ondown>
          <include>KeyboardButtons</include>
        </control>
        <control type="button" id="69">
          <description>'E' button</description>
          <posx>132</posx>
          <onleft>87</onleft>
          <onright>82</onright>
          <onup>50</onup>
          <ondown>68</ondown>
          <include>KeyboardButtons</include>
        </control>
        <control type="button" id="82">
          <description>'R' button</description>
          <posx>198</posx>
          <onleft>69</onleft>
          <onright>84</onright>
          <onup>51</onup>
          <ondown>70</ondown>
          <include>KeyboardButtons</include>
        </control>
        <control type="button" id="84">
          <description>'T' button</description>
          <posx>264</posx>
          <onleft>82</onleft>
          <onright>89</onright>
          <onup>52</onup>
          <ondown>71</ondown>
          <include>KeyboardButtons</include>
        </control>
        <control type="button" id="89">
          <description>'Y' button</description>
          <posx>330</posx>
          <onleft>84</onleft>
          <onright>85</onright>
          <onup>53</onup>
          <ondown>72</ondown>
          <include>KeyboardButtons</include>
        </control>
        <control type="button" id="85">
          <description>'U' button</description>
          <posx>396</posx>
          <onleft>89</onleft>
          <onright>73</onright>
          <onup>54</onup>
          <ondown>74</ondown>
          <include>KeyboardButtons</include>
        </control>
        <control type="button" id="73">
          <description>'I' button</description>
          <posx>462</posx>
          <onleft>85</onleft>
          <onright>79</onright>
          <onup>55</onup>
          <ondown>75</ondown>
          <include>KeyboardButtons</include>
        </control>
        <control type="button" id="79">
          <description>'O' button</description>
          <posx>528</posx>
          <onleft>73</onleft>
          <onright>80</onright>
          <onup>56</onup>
          <ondown>76</ondown>
          <include>KeyboardButtons</include>
        </control>
        <control type="button" id="80">
          <description>'P' button</description>
          <posx>594</posx>
          <onleft>79</onleft>
          <onright>81</onright>
          <onup>57</onup>
          <ondown>76</ondown>
          <include>KeyboardButtons</include>
        </control>
		<control type="button" id="305">
          <description>previous button</description>
          <posx>670</posx>
          <textoffsety>0</textoffsety>
          <label>&lt;</label>
          <onleft>304</onleft>
          <onright>32</onright>
          <onup>90</onup>
          <ondown>49</ondown>
          <include>KeyboardButtons</include>
        </control>
      </control>
      <control type="group">
        <posx>180</posx>
        <posy>333</posy>
		<control type="togglebutton" id="302">
          <description>SHIFT button</description>
          <posx>-160</posx>
              <onleft>76</onleft>
              <onright>65</onright>
              <onup>81</onup>
              <ondown>302</ondown>
		  <width>150</width>
		  <font>ListDetails</font>
          <include>KeyboardButtons</include>
		  <label>$LOCALIZE[20178]</label>
          <altlabel>[COLOR=Orange][UPPERCASE]$LOCALIZE[20178][/UPPERCASE][/COLOR]</altlabel>
        </control>
        
		<control type="button" id="65">
          <description>'A' button</description>
          <onleft>76</onleft>
          <onright>83</onright>
          <onup>81</onup>
          <ondown>302</ondown>
          <include>KeyboardButtons</include>
        </control>
        <control type="button" id="83">
          <description>'S' button</description>
          <posx>66</posx>
          <onleft>65</onleft>
          <onright>68</onright>
          <onup>87</onup>
          <ondown>90</ondown>
          <include>KeyboardButtons</include>
        </control>
        <control type="button" id="68">
          <description>'D' button</description>
          <posx>132</posx>
          <onleft>83</onleft>
          <onright>70</onright>
          <onup>69</onup>
          <ondown>88</ondown>
          <include>KeyboardButtons</include>
        </control>
        <control type="button" id="70">
          <description>'F' button</description>
          <posx>198</posx>
          <onleft>68</onleft>
          <onright>71</onright>
          <onup>82</onup>
          <ondown>67</ondown>
          <include>KeyboardButtons</include>
        </control>
        <control type="button" id="71">
          <description>'G' button</description>
          <posx>264</posx>
          <onleft>70</onleft>
          <onright>72</onright>
          <onup>84</onup>
          <ondown>86</ondown>
          <include>KeyboardButtons</include>
        </control>
        <control type="button" id="72">
          <description>'H' button</description>
          <posx>330</posx>
          <onleft>71</onleft>
          <onright>74</onright>
          <onup>89</onup>
          <ondown>66</ondown>
          <include>KeyboardButtons</include>
        </control>
        <control type="button" id="74">
          <description>'J' button</description>
          <posx>396</posx>
          <onleft>72</onleft>
          <onright>75</onright>
          <onup>85</onup>
          <ondown>78</ondown>
          <include>KeyboardButtons</include>
        </control>
        <control type="button" id="75">
          <description>'K' button</description>
          <posx>462</posx>
          <onleft>74</onleft>
          <onright>76</onright>
          <onup>73</onup>
          <ondown>77</ondown>
          <include>KeyboardButtons</include>
        </control>
        <control type="button" id="76">
          <description>'L' button</description>
          <posx>528</posx>
          <onleft>75</onleft>
          <onright>65</onright>
          <onup>79</onup>
          <ondown>304</ondown>
          <include>KeyboardButtons</include>
        </control>
		<control type="button" id="306">
          <description>next button</description>
          <posx>630</posx>
          <textoffsety>0</textoffsety>
          <label>&gt;</label>
          <onleft>32</onleft>
          <onright>300</onright>
          <onup>77</onup>
          <ondown>56</ondown>
          <include>KeyboardButtons</include>
        </control>
      </control>
      <control type="group">
        <posx>81</posx>
        <posy>411</posy>
        <control type="togglebutton" id="303">
              <description>CAPS LOCK button</description>
              <posx>-60</posx>
		  <onleft>8</onleft>
          <onright>90</onright>
          <onup>302</onup>
          <ondown>304</ondown>
		  <width>205</width>
              <label>$LOCALIZE[20179]</label>
              <altlabel>[COLOR=Orange][UPPERCASE]$LOCALIZE[20179][/UPPERCASE][/COLOR]</altlabel>
		  <font>ListDetails</font>
			  <include>KeyboardButtons</include>
            </control>
	    <control type="button" id="90">
          <description>'Z' button</description>
          <posx>135</posx>
          <onleft>302</onleft>
          <onright>88</onright>
          <onup>83</onup>
          <ondown>305</ondown>
          <include>KeyboardButtons</include>
        </control>
        <control type="button" id="88">
          <description>'X' button</description>
          <posx>201</posx>
          <onleft>90</onleft>
          <onright>67</onright>
          <onup>68</onup>
          <ondown>32</ondown>
          <include>KeyboardButtons</include>
        </control>
        <control type="button" id="67">
          <description>'C' button</description>
          <posx>267</posx>
          <onleft>88</onleft>
          <onright>86</onright>
          <onup>70</onup>
          <ondown>32</ondown>
          <include>KeyboardButtons</include>
        </control>
        <control type="button" id="86">
          <description>'V' button</description>
          <posx>333</posx>
          <onleft>67</onleft>
          <onright>66</onright>
          <onup>71</onup>
          <ondown>32</ondown>
          <include>KeyboardButtons</include>
        </control>
        <control type="button" id="66">
          <description>'B' button</description>
          <posx>399</posx>
          <onleft>86</onleft>
          <onright>78</onright>
          <onup>72</onup>
          <ondown>32</ondown>
          <include>KeyboardButtons</include>
        </control>
        <control type="button" id="78">
          <description>'N' button</description>
          <posx>465</posx>
          <onleft>66</onleft>
          <onright>77</onright>
          <onup>74</onup>
          <ondown>32</ondown>
          <include>KeyboardButtons</include>
        </control>
        <control type="button" id="77">
          <description>'M' button</description>
          <posx>531</posx>
          <onleft>78</onleft>
          <onright>8</onright>
          <onup>75</onup>
          <ondown>306</ondown>
          <include>KeyboardButtons</include>
        </control>
		<control type="button" id="300">
          <description>DONE button</description>
          <posx>615</posx>
          <label>20177</label>
          <onleft>306</onleft>
          <onright>304</onright>
          <onup>8</onup>
          <ondown>57</ondown>
		  <width>200</width>
		  <textcolor>FF4fe805</textcolor>
		  <font>ListDetails</font>
          <include>KeyboardButtons</include>
        </control>
        
      </control>
      <control type="group">
        <posx>0</posx>
        <posy>489</posy>
        
        
        <control type="button" id="32">
          <description>SPACE button</description>
          <posx>20</posx>
          <label>20182</label>
          <onleft>305</onleft>
          <onright>306</onright>
          <onup>86</onup>
          <ondown>52</ondown>
		  <width>585</width>
		  <font>ListDetails</font>
		  <include>KeyboardButtons</include>
        </control>
		<control type="button" id="307">
          <description>enter ip adress</description>
          <posx>600</posx>
          <onleft>305</onleft>
          <onright>306</onright>
          <onup>86</onup>
          <ondown>52</ondown>
		  <width>300</width>
		  <font>ListDetails</font>
		  <label>192.168.1.1</label>
          <include>KeyboardButtons</include>
        </control>
        
        
      </control>
    </control>
  </controls>-->
 
</window>
