﻿<?xml version="1.0" encoding="UTF-8"?>
<window>
  <include>OpenClose</include>
  <controls>
    <control type="image">
      <posx>108r</posx>
      <posy>52</posy>
      <width>84</width>
      <height>84</height>
      <texture>volume/MuteBackground.png</texture>
    </control>
    <control type="image" id="901">
      <posx>130r</posx>
      <posy>39</posy>
      <width>124</width>
      <height>120</height>
      <aspectratio>keep</aspectratio>
      <texture>volume/VolumeMutedSmall.png</texture>
      <colordiffuse>Orange</colordiffuse>
    </control>
  </controls>
</window>
