﻿<?xml version="1.0" encoding="UTF-8"?>
<window>
  <defaultcontrol always="true">996</defaultcontrol>
  <coordinates>
    <system>1</system>
  </coordinates>
  <controls>
	<control type="group" description="MENU">
	<animation type="WindowOpen">
            <effect type="fade" start="0" end="100" time="200"/>
        </animation>
		<animation type="WindowClose">
			<effect type="fade" start="100" end="0" time="100"/>
		</animation>
	<control type="image" id="999" description="Menu BG">
      <posx>0</posx>
      <posy>-11</posy>
      <height>1000</height>
      <width>462</width>
	  <!--<texture border="20,42,20,42">dialogs/ContextMenu.png</texture>-->
	  <texture border="0,40,0,40">dialogs/ContextMenu.png</texture>
    </control>
    <control type="grouplist" id="996" description="Context menu container">
      <posx>0</posx>
      <posy>39</posy>
      <width>462</width>
	  <height max="900">auto</height>
      <itemgap>3</itemgap>
    </control>
    <control type="button" id="1000" description="Buttons">
      <posx>0</posx>
	  <width>462</width>
      <height>60</height>
      <textoffsetx>10</textoffsetx>
	  <align>center</align>
	  <texturefocus>dialogs/ContextFO.png</texturefocus>
      <focusedcolor>Orange</focusedcolor>
	  <shadowcolor>ShadowDark</shadowcolor>
	 </control>
	</control>
  </controls>
</window>