﻿<?xml version="1.0" encoding="UTF-8"?>
<window type="dialog">
  <coordinates>
    <system>1</system>
    <posx>0</posx>
    <posy>0</posy>
  </coordinates>
  <controls>
    <control type="group" description="Content">
      <animation effect="slide" start="0,0" end="0,-124" time="200" delay="300">WindowOpen</animation>
      <posy>603</posy>
      <control type="image" description="Background">
        <posx>618</posx>
        <posy>534</posy>
        <width>684</width>
        <height>66</height>
        <texture border="48,24,48,0">OSD/SeekBottomBar.png</texture>
      </control>
	  <!--<control type="image" description="Dialog BG">
        <posx>24</posx>
        <posy>30</posy>
        <width>32</width>
        <height>32</height>
        <texture>busy/Loading.gif</texture>
      </control>-->
      <control type="label" description="Heading">
		<include>SeekbarLabels</include>
        <label>$LOCALIZE[31979]</label>
      </control>
    </control>
  </controls>
</window>
