﻿<?xml version="1.0" encoding="utf-8"?>
<window>
    <defaultcontrol>11</defaultcontrol>
    <coordinates>
        <system>1</system>
        <posx>0</posx>
        <posy>0</posy>
    </coordinates>
    <include>DialogOpenClose</include>
    <controls>
        <include>DimBG</include>
        <control type="group">
            <posx>326</posx>
            <posy>294</posy>
            <width>1270</width>
            <height>492</height>
            <control type="image">
                <description>background image</description>
                <posx>0</posx>
                <posy>-30</posy>
                <width>1270</width>
                <height>522</height>
                <texture border="0,0,0,442">dialogs/AddSourceBG.png</texture>
            </control>
			<control type="label" description="Upper Path Name Label">
                <posx>30</posx>
                <posy>3</posy>
                <width>1010</width>
                <height>40</height>
                <textcolor>Orange</textcolor>
                <label>1021</label>
            </control>
            <control type="list" id="10" description="Path list">
                <posx>60</posx>
                <posy>84</posy>
                <width>908</width>
                <height>246</height>
                <onup>12</onup>
                <ondown>12</ondown>
                <onleft>-</onleft>
                <onright>11</onright>
                <scrolltime>0</scrolltime>
                <itemlayout height="62">
                    <control type="label">
                        <posx>8</posx>
                        <posy>0</posy>
                        <width>908</width>
                        <height>48</height>
                        <font>SetContent</font>
                        <align>left</align>
                        <info>ListItem.Label</info>
                    </control>
                </itemlayout>
                <focusedlayout height="62">
                    <control type="label">
                        <posx>8</posx>
                        <posy>0</posy>
                        <width>908</width>
                        <height>48</height>
                        <font>SetContent</font>
                        <info>ListItem.Label</info>
                    </control>
                </focusedlayout>
            </control>
            <control type="image" description="Upper frame">
                <visible>Control.HasFocus(10)</visible>
				<include>VisibleFadeEffect</include>
				<posx>27</posx>
                <posy>69</posy>
                <width>980</width>
                <height>261</height>
                <texture border="50">dialogs/AddSourceTopFrame.png</texture>
            </control>
            <control type="label" description="Enter Name Label">
                <posx>30</posx>
                <posy>333</posy>
                <width>1010</width>
                <height>40</height>
                <label>1022</label>
            </control>
            <control type="button" id="12"  description="Path Buttons">
                <posx>27</posx>
                <posy>386</posy>
                <width>980</width>
                <height>66</height>
                <align>center</align>
                <aligny>center</aligny>
                <texturefocus>-</texturefocus>
                <texturenofocus>-</texturenofocus>
                <label>-</label>
                <onup>10</onup>
                <onleft>19</onleft>
                <onright>19</onright>
                <ondown>10</ondown>
            </control>
            <control type="image">
                <posx>27</posx>
                <posy>382</posy>
                <width>980</width>
                <height>76</height>
                <texture>dialogs/AddSourceBottomFrame.png</texture>
                <include>VisibleFadeEffect</include>
                <visible>Control.HasFocus(12)</visible>
            </control>
            <control type="group" id="9000">
                <posx>1024</posx>
                <posy>75</posy>
                <control type="button" id="11">
                    <description>Button: Browse</description>
                    <posy>0</posy>
                    <width>230</width>
                    <height>60</height>
                    <label>1024</label>
                    <align>left</align>
                    <textoffsetx>30</textoffsetx>
                    <onleft>10</onleft>
                    <onright>10</onright>
                    <onup>20</onup>
                    <ondown>13</ondown>
                    
                </control>
                <control type="button" id="13">
                    <description>Button: Add</description>
                    <posy>62</posy>
                    <width>230</width>
                    <height>60</height>
                    <label>15019</label>
                    <align>left</align>
                    <textoffsetx>30</textoffsetx>
                    <onleft>10</onleft>
                    <onright>10</onright>
                    <onup>11</onup>
                    <ondown>14</ondown>
                    
                </control>
                <control type="button" id="14">
                    <description>Button: Remove</description>
                    <posy>123</posy>
                    <width>230</width>
                    <height>60</height>
                    <label>1210</label>
                    <align>left</align>
                    <textoffsetx>30</textoffsetx>
                    <onleft>10</onleft>
                    <onright>10</onright>
                    <onup>13</onup>
                    <ondown>19</ondown>
                    
                </control>
                
				<control type="button" id="19">
                    <description>Button: Cancel</description>
                    <posy>255</posy>
                    <width>230</width>
                    <height>60</height>
                    <label>222</label>
                    <align>left</align>
                    <textoffsetx>30</textoffsetx>
                    <onleft>12</onleft>
                    <onright>12</onright>
                    <onup>14</onup>
                    <ondown>18</ondown>
                    

                </control>
                <control type="button" id="18">
                    <description>Button: OK</description>
                    <posy>315</posy>
                    <width>230</width>
                    <height>60</height>
                    <label>186</label>
                    <align>left</align>
                    <textoffsetx>30</textoffsetx>
                    <onleft>12</onleft>
                    <onright>12</onright>
                    <onup>19</onup>
                    <ondown>11</ondown>
                   
                </control>
            </control>
       
        </control>
    </controls>
</window>