﻿<?xml version="1.0" encoding="UTF-8"?>
<includes>
  <variable name="Time" description="Date and time">
    <value condition="Window.IsActive(home) | Window.IsActive(weather)">[COLOR=Grey2]$INFO[System.Date][/COLOR][COLOR=Orange]  •  [/COLOR]$INFO[System.Time]</value>
    <value>$INFO[System.Time]</value>
  </variable>
  <variable name="Overlay" description="Overlay image">
    <value condition="Skin.HasSetting(plexbmc) + ListItem.property(IsResumable)">$INFO[ListItem.Overlay,overlay/]</value>
	<value condition="Skin.HasSetting(plexbmc) + ListItem.property(overlay)">$INFO[ListItem.property(overlay),overlay_unwatched/]</value>
	<value condition="Skin.HasSetting(Hide_Watched_Marks) + Skin.HasSetting(Hide_Unwatched_Marks)">-</value>
	<value condition="Skin.HasSetting(Hide_Unwatched_Marks)">$INFO[ListItem.Overlay,overlay_watched/]</value>
	<value condition="Skin.HasSetting(Hide_Watched_Marks) + ListItem.IsResumable">$INFO[ListItem.Overlay,overlay/]</value>
	<value condition="Skin.HasSetting(Hide_Watched_Marks)">$INFO[ListItem.Overlay,overlay_unwatched/]</value>
	<value condition="!IsEmpty(ListItem.Overlay)">$INFO[ListItem.Overlay]</value>
  </variable>
  <variable name="Banner" description="TV Banners">
    <value condition="!IsEmpty(ListItem.Art(banner))">$INFO[ListItem.Art(banner)]</value>
	<value condition="Skin.HasSetting(plexbmc)">$INFO[ListItem.Property(banner)]</value>
	<value>$INFO[ListItem.Art(Thumb)]</value>
  </variable>
  <variable name="Thumbs" description="Thumbs">
    <value condition="!IsEmpty(ListItem.Art(Thumb))">$INFO[ListItem.Art(Thumb)]</value>
	<value>$INFO[ListItem.Thumb]</value>
  </variable>
  <variable name="Playlist" description="Side menu label">
    <value condition="Player.HasAudio">$LOCALIZE[13350]</value>
    <value>$LOCALIZE[559]</value>
  </variable>
  <variable name="Thumbs_52" description="Container 52 Thumbs">
    <value condition="container.content(movies) + Skin.HasSetting(52_Movies_UseFanart)">$INFO[ListItem.Art(fanart)]</value>
	<value condition="container.content(tvshows) + Skin.HasSetting(52_TV_UseFanart)">$INFO[ListItem.Art(fanart)]</value>
	<value condition="container.content(episodes) + Skin.HasSetting(52_Episodes_UseFanart)">$INFO[ListItem.Art(fanart)]</value>
	<value condition="container.content(albums) + Skin.HasSetting(52_Albums_UseFanart) + !IsEmpty(ListItem.Art(fanart))">$INFO[ListItem.Art(fanart)]</value>
	<value condition="container.content(albums) + Skin.HasSetting(52_Albums_UseFanart) + !IsEmpty(ListItem.Art(fanart))">$INFO[ListItem.Art(Thumb)]</value>
    <value>$INFO[ListItem.Art(Thumb)]</value>
  </variable>
  <variable name="LibraryStats" description="Home page library statistics">
    <value condition="IntegerGreaterThan(Window(Home).Property(MusicVideos.Unwatched),0) + Library.HasContent(musicvideos) + [Container(300).HasFocus(13) | Container(300).HasFocus(14)]">$LOCALIZE[20389]$INFO[Window(Home).Property(MusicVideos.Count), ,[COLOR=Orange]  •  [/COLOR]]$LOCALIZE[16101]$INFO[Window(Home).Property(MusicVideos.Unwatched), ]</value>
	<value condition="!IntegerGreaterThan(Window(Home).Property(MusicVideos.Unwatched),0) + Library.HasContent(musicvideos) + [Container(300).HasFocus(13) | Container(300).HasFocus(14)]">$LOCALIZE[20389]$INFO[Window(Home).Property(MusicVideos.Count), ,[COLOR=Orange]  •  [/COLOR]]</value>
	<value condition="IntegerGreaterThan(Window(Home).Property(Movies.Unwatched),0) + Library.HasContent(movies) + Container(300).HasFocus(4)">$LOCALIZE[20342]$INFO[Window(Home).Property(Movies.Count), ,[COLOR=Orange]  •  [/COLOR]]$LOCALIZE[16101]$INFO[Window(Home).Property(Movies.Unwatched), ]</value>
	<value condition="!IntegerGreaterThan(Window(Home).Property(Movies.Unwatched),0) + Library.HasContent(movies) + Container(300).HasFocus(4)">$LOCALIZE[20342]$INFO[Window(Home).Property(Movies.Count), ,[COLOR=Orange]  •  [/COLOR]]</value>
	<value condition="IntegerGreaterThan(Window(Home).Property(Episodes.Unwatched),0) + Library.HasContent(tvshows) + Container(300).HasFocus(5)">$LOCALIZE[20360]$INFO[Window(Home).Property(Episodes.Count), ,[COLOR=Orange]  •  [/COLOR]]$LOCALIZE[16101]$INFO[Window(Home).Property(Episodes.Unwatched), ]</value>
	<value condition="!IntegerGreaterThan(Window(Home).Property(Episodes.Unwatched),0) + Library.HasContent(tvshows) + Container(300).HasFocus(5)">$LOCALIZE[20343]$INFO[Window(Home).Property(TVShows.Count), ,[COLOR=Orange]  •  [/COLOR]]$LOCALIZE[20360]$INFO[Window(Home).Property(Episodes.Count), ,[COLOR=Orange]  •  [/COLOR]]</value>
    <value condition="Library.HasContent(music) + Container(300).HasFocus(6)">$LOCALIZE[134]$INFO[Window(Home).Property(Music.SongsCount), ,[COLOR=Orange]  •  [/COLOR]]$LOCALIZE[132]$INFO[Window(Home).Property(Music.AlbumsCount), ]</value>
  </variable>
  <variable name="GlobalHeadings" description="Global Headings">
    <value condition="Skin.hassetting(plexbmc) + !IsEmpty(Window.Property(heading))">$INFO[Window.Property(heading),,[COLOR=Orange]  •  [/COLOR]]$INFO[Container.NumItems]</value>
	<value condition="Window.IsActive(1112)">$LOCALIZE[31976]</value>
	<value condition="Window.IsActive(56) | Window.IsActive(SkinSettings.xml)">$LOCALIZE[20077]</value>
	<value condition="Window.IsActive(Settings.xml) | Window.IsActive(SettingsCategory.xml)">$LOCALIZE[5]</value>
    <value condition="Window.IsActive(AddonBrowser.xml) + IsEmpty(Container.FolderName)">$LOCALIZE[31291]</value>
    <value condition="Window.IsActive(MyVideoPlaylist.xml)">$LOCALIZE[20012]</value>
    <value condition="Window.IsActive(MyMusicPlaylist.xml)">$LOCALIZE[20011]</value>
    <value condition="Window.IsActive(DialogVideoInfo.xml)">$LOCALIZE[20159]</value>
	<value condition="Window.IsActive(DialogFavourites.xml)">$LOCALIZE[1036]</value>
    <value condition="Container.content(movies) + StringCompare(Container.FolderName,$LOCALIZE[369])">$LOCALIZE[20342][COLOR=Orange]  •  [/COLOR]$INFO[Container.NumItems]</value>
    <value condition="Container.content(tvshows) + StringCompare(Container.FolderName,$LOCALIZE[369])">$LOCALIZE[20343][COLOR=Orange]  •  [/COLOR]$INFO[Container.NumItems]</value>
    <value condition="Container.content(musicvideos) + StringCompare(Container.FolderName,$LOCALIZE[369])">$LOCALIZE[20389][COLOR=Orange]  •  [/COLOR]$INFO[Container.NumItems]</value>
	<value condition="!IsEmpty(Container.FolderName)">$INFO[Container.FolderName,,[COLOR=Orange]  •  [/COLOR]]$INFO[Container.NumItems]</value>
  </variable>
  <variable name="QuitLabel2" description="Label2 for skin settings Quit function item">
    <value condition="StringCompare(Skin.String(shutdown),quit)">$LOCALIZE[13009]</value>
    <value condition="StringCompare(Skin.String(shutdown),powerdown)">$LOCALIZE[13005]</value>
    <value condition="StringCompare(Skin.String(shutdown),hibernate)">$LOCALIZE[13010]</value>
    <value condition="StringCompare(Skin.String(shutdown),suspend)">$LOCALIZE[13011]</value>
    <value condition="StringCompare(Skin.String(shutdown),reboot)">$LOCALIZE[13013]</value>
	<value condition="StringCompare(Skin.String(shutdown),logoff) + System.HasLoginScreen">$LOCALIZE[20126]</value>
  </variable>
  <variable name="QuitAction" description="Action for Quit function item">
    <value condition="StringCompare(Skin.String(shutdown),quit)">XBMC.quit()</value>
    <value condition="StringCompare(Skin.String(shutdown),powerdown)">XBMC.powerdown()</value>
    <value condition="StringCompare(Skin.String(shutdown),hibernate)">XBMC.hibernate()</value>
    <value condition="StringCompare(Skin.String(shutdown),suspend)">XBMC.suspend()</value>
    <value condition="StringCompare(Skin.String(shutdown),reboot)">XBMC.reboot()</value>
    <value condition="StringCompare(Skin.String(shutdown),logoff) + System.HasLoginScreen">System.logoff</value>
	<value>ActivateWindow(shutdownmenu)</value>
  </variable>
  <variable name="MusicPlayingFanartLabel2" description="Label2 for music playing FA">
    <value condition="Skin.HasSetting(MusicPlayingFanart)">$LOCALIZE[449]</value>
    <value>$LOCALIZE[13113]</value>
  </variable>
  <variable name="PVROverlay" description="PVR Overlay image">
    <value condition="ListItem.IsRecording">OverlayRecording.png</value>
    <value condition="ListItem.HasTimer">OverlayTimer.png</value>
  </variable>
  <variable name="WeatherFooter" description="Weather plus footer labels">
    <value condition="IsEmpty(Window.Property(Weather.CurrentView))">$LOCALIZE[31904]</value>
    <value condition="StringCompare(Window.Property(Weather.CurrentView),36hour)">$LOCALIZE[31901]</value>
    <value condition="StringCompare(Window.Property(Weather.CurrentView),weekend)">$LOCALIZE[31903]</value>
    <value condition="StringCompare(Window.Property(Weather.CurrentView),maps)">$INFO[Window.Property(Weather.CurrentMap)]</value>
    <value condition="StringCompare(Window.Property(Weather.CurrentView),hourly)">$LOCALIZE[31902]</value>
  </variable>
  
  <variable name="PVR_Headings" description="PVR Headings">
    <value condition="Control.IsVisible(16) | Control.IsVisible(15) | Control.IsVisible(10)">$INFO[Control.GetLabel(31)]</value>
    <value>$INFO[Container.FolderName]</value>
  </variable>
  <variable name="Details" description="Shown Above Plots and descriptions">
    <value condition="!Container.content(Addons) + Window.IsActive(MyPics.xml)">$INFO[ListItem.Date,, • ]$INFO[ListItem.Size]</value>
    <value condition="Container.content(Albums)">$INFO[ListItem.Artist]</value>
    <value condition="Container.Content(Episodes)">$INFO[ListItem.Premiered,,  • ]$INFO[ListItem.Duration,, $LOCALIZE[12391]]$INFO[ListItem.Rating,  • ]</value>
    <value condition="Container.Content(Addons)">$INFO[ListItem.Property(Addon.Creator),$LOCALIZE[21863] : ]</value>
    <value condition="Container.Content(songs) + !IsEmpty(ListItem.Album)">[COLOR=Grey]$LOCALIZE[558]:[/COLOR] $INFO[ListItem.Album]</value>
	<value condition="Container.Content(Artists) + !IsEmpty(ListItem.Property(artist_genre))">$INFO[ListItem.Property(artist_genre),[COLOR=Grey]$LOCALIZE[515]: [/COLOR]]</value>
	<value condition="Container.Content(Artists) + !IsEmpty(ListItem.Property(artist_style))">$INFO[ListItem.Property(artist_style),[COLOR=Grey]$LOCALIZE[176]: [/COLOR]]</value>
    <value condition="Container.Content(MusicVideos)">$INFO[ListItem.Year,, • ]$INFO[ListItem.Duration,, $LOCALIZE[31297]]</value>
    <value condition="Container.Content(Movies)">$INFO[ListItem.Year,, • ]$INFO[ListItem.Duration,, $LOCALIZE[31297]]$INFO[ListItem.Rating, • ]$INFO[ListItem.MPAA, • ]</value>
    <value condition="IntegerGreaterThan(ListItem.Property(UnWatchedEpisodes),0) + [Container.Content(Seasons) | Container.Content(TVShows)]">$INFO[ListItem.Year,, • ]$INFO[ListItem.MPAA,, • ]$INFO[ListItem.Property(TotalEpisodes), $LOCALIZE[20453] ] [COLOR=Orange]$INFO[ListItem.Property(UnWatchedEpisodes), (,) ][/COLOR]</value>
	<value condition="!IntegerGreaterThan(ListItem.Property(UnWatchedEpisodes),0) + [Container.Content(Seasons) | Container.Content(TVShows)]">$INFO[ListItem.Year,, • ]$INFO[ListItem.MPAA,, • ]$INFO[ListItem.Property(TotalEpisodes),, $LOCALIZE[20453]]</value>
    <value>$INFO[ListItem.Label2]</value>
  </variable>
  <variable name="Fanart_Details" description="Shown Above Plots and descriptions">
    <value condition="!Container.content(Addons) + Window.IsActive(MyPics.xml)">$INFO[ListItem.Date,, • ]$INFO[ListItem.Size]</value>
    <value condition="Container.content(Albums)">$INFO[ListItem.Artist]</value>
    <value condition="Container.Content(Episodes)">$INFO[ListItem.Premiered,,  • ]$INFO[ListItem.Duration,, $LOCALIZE[12391]]$INFO[ListItem.Rating,  • ]</value>
    <value condition="Container.Content(Addons)">$INFO[ListItem.Property(Addon.Creator)]</value>
    <value condition="Container.Content(songs)">$INFO[ListItem.Duration]</value>
	<value condition="Container.Content(MusicVideos)">$INFO[ListItem.Year,, • ]$INFO[ListItem.Duration,, $LOCALIZE[31297]]</value>
    <value condition="Container.Content(Movies)">$INFO[ListItem.Year,, • ]$INFO[ListItem.Duration,, $LOCALIZE[31297]]$INFO[ListItem.Rating, • ]</value>
    <value condition="IntegerGreaterThan(ListItem.Property(UnWatchedEpisodes),0) + [Container.Content(Seasons) | Container.Content(TVShows)]">$INFO[ListItem.Year,, • ]$INFO[ListItem.Property(TotalEpisodes), $LOCALIZE[20453] ] [COLOR=Orange]$INFO[ListItem.Property(UnWatchedEpisodes), (,) ][/COLOR]</value>
	<value condition="!IntegerGreaterThan(ListItem.Property(UnWatchedEpisodes),0) + [Container.Content(Seasons) | Container.Content(TVShows)]">$INFO[ListItem.Year,, • ]$INFO[ListItem.Property(TotalEpisodes),, $LOCALIZE[20453]]</value>
    <value>$INFO[ListItem.Label2]</value>
  </variable>
  <variable name="Plots" description="Plots and descriptions">
    <value condition="Container.content(addons) + !IsEmpty(ListItem.Property(Addon.Description))">$INFO[ListItem.Property(Addon.Description)]</value>
    <value condition="SubString(ListItem.Path,videodb://1/7)">$LOCALIZE[20457]</value>
    <value condition="Container.Content(Seasons) + !IsEmpty(Container.ShowPlot) + !IsEmpty(ListItem.Title)">$INFO[Container.ShowPlot]</value>
    <value condition="Container.Content(albums) + !IsEmpty(ListItem.Property(Album_Description))">$INFO[ListItem.Property(Album_Description)]</value>
	<value condition="Container.Content(albums) + IsEmpty(ListItem.Property(Album_Description))">$LOCALIZE[414]</value>
    <value condition="Container.Content(artists) + !IsEmpty(ListItem.Property(Artist_Description))">$INFO[ListItem.Property(Artist_Description)]</value>
	<value condition="Window.IsActive(MyPics.xml) + !IsEmpty(ListItem.PictureDesc)">$INFO[ListItem.PictureDesc]</value>
	<value condition="Window.IsActive(MyPics.xml) + !IsEmpty(ListItem.PictureComment)">$INFO[ListItem.PictureComment]</value>
	<value condition="Window.IsActive(MyPics.xml) + !IsEmpty(ListItem.PictureKeywords)">$INFO[ListItem.PictureKeywords]</value>
	<value condition="Window.IsActive(MyPics.xml)">[COLOR=Grey]$LOCALIZE[21821]:[/COLOR][CR][CR]   $LOCALIZE[416]</value>
	<value condition="!IsEmpty(ListItem.Plot)">$INFO[ListItem.Plot]</value>
  </variable>
  <variable name="52_Label2" description="Container 52 label2">
    <value condition="SubString(ListItem.Path,videodb://1/7)">$LOCALIZE[20457]</value>
    <value condition="IntegerGreaterThan(ListItem.Property(UnwatchedEpisodes),0) + [Container.Content(TVShows) | Container.Content(Seasons)]">[COLOR=Orange]$INFO[ListItem.Property(UnwatchedEpisodes)][/COLOR]</value>
	<value condition="container.content(musicvideos)">$INFO[ListItem.Artist]</value>
	<value condition="Window.IsActive(MyPics.xml)">$INFO[ListItem.PictureResolution]</value>
	<value condition="![Container.Content(TVShows) | Container.Content(Seasons)]">$INFO[ListItem.Label2]</value>
  </variable>
  <variable name="Stars" description="Star Rating">
    <value condition="![Container.Content(albums) | Container.Content(artists) | IsEmpty(ListItem.StarRating)]">$INFO[ListItem.StarRating]</value>
    <value condition="!IsEmpty(ListItem.Rating)">$INFO[ListItem.Rating,badges/,.png]</value>
	<value condition="Window.IsActive(MyVideoNav.xml) + IsEmpty(ListItem.Rating) + ![IsEmpty(ListItem.Title) | container.content(addons)]">badges/0.0.png</value>
  </variable>
  <variable name="PVROverlay" description="PVR Overlay image">
    <value condition="ListItem.IsRecording">OverlayRecording.png</value>
    <value condition="ListItem.HasTimer">OverlayTimer.png</value>
  </variable>
  <variable name="Default.Art" description="Calculate BG to show">
    <value condition="!IsEmpty(Skin.String(Default.Background))">$INFO[Skin.String(Default.Background)]</value>
	<value>special://skin/backgrounds/default/</value>
  </variable>
  <variable name="Settings.Art" description="Calculate BG to show">
    <value condition="!IsEmpty(Skin.String(Settings.Background))">$INFO[Skin.String(Settings.Background)]</value>
	<value>special://skin/backgrounds/System.jpg</value>
  </variable>
  <variable name="Weather.Art" description="Calculate BG to show">
    <value condition="!IsEmpty(Skin.String(Weather.Background))">$INFO[Skin.String(Weather.Background)]</value>
	<value>special://skin/backgrounds/Weather.jpg</value>
  </variable>
  <variable name="Pvr.Art" description="Calculate BG to show">
    <value condition="!IsEmpty(Skin.String(Pvr.Background))">$INFO[Skin.String(Pvr.Background)]</value>
	<value>special://skin/backgrounds/default</value>
  </variable>
  <variable name="Pictures.Art" description="Calculate BG to show">
    <value condition="!IsEmpty(ListItem.Art(fanart))">$INFO[ListItem.Art(fanart)]</value>
	<value condition="!container.content(addons) + !IsEmpty(ListItem.thumb)">$INFO[ListItem.thumb]</value>
	<value condition="!IsEmpty(Skin.String(Default.Background))">$INFO[Skin.String(Default.Background)]</value>
	<value>special://skin/backgrounds/default/</value>
  </variable>
  <variable name="Fanart.Art" description="Calculate BG to show">
    <value condition="!IsEmpty(ListItem.Art(fanart))">$INFO[ListItem.Art(fanart)]</value>
	<value condition="!IsEmpty(Skin.String(Default.Background))">$INFO[Skin.String(Default.Background)]</value>
	<value>special://skin/backgrounds/default/</value>
  </variable>
  <variable name="Player.Art" description="Calculate BG to show">
    <value condition="Player.HasAudio + !IsEmpty(Window(Visualisation).Property(ArtistSlideshow))">$INFO[Window(Visualisation).Property(ArtistSlideshow)]</value>
	<value condition="Player.HasAudio + IsEmpty(Window(Visualisation).Property(ArtistSlideshow)) + !IsEmpty(MusicPlayer.Property(Fanart_Image))">$INFO[MusicPlayer.Property(Fanart_Image)]</value>
	<value condition="Player.HasAudio + IsEmpty(Window(Visualisation).Property(ArtistSlideshow)) + IsEmpty(MusicPlayer.Property(Fanart_Image))">$INFO[Skin.String(Music.Background)]</value>
	<value condition="Player.HasVideo">$INFO[Skin.String(Videos.Background)]</value>
  </variable>
  <variable name="HomePlayer.Art" description="Calculate BG to show">
    <value condition="Player.HasAudio + !IsEmpty(MusicPlayer.Property(Fanart_Image))">$INFO[MusicPlayer.Property(Fanart_Image)]</value>
	<value condition="Player.HasAudio + IsEmpty(MusicPlayer.Property(Fanart_Image)) + !IsEmpty(Skin.String(Music.Background))">$INFO[Skin.String(Music.Background)]</value>
	<value condition="Player.HasAudio + IsEmpty(MusicPlayer.Property(Fanart_Image)) + IsEmpty(Skin.String(Music.Background))">special://skin/backgrounds/Music.jpg</value>
	<value condition="Player.HasVideo + !Skin.HasSetting(Show_Player)">$INFO[Skin.String(Videos.Background)]</value>
  </variable>
  <variable name="HomePlayer.Label" description="Player Duration">
    <value condition="Player.HasMedia + !IsEmpty(Player.TimeRemaining) + System.IdleTime(2)">$INFO[Player.TimeRemaining]</value>
	<value>$LOCALIZE[16003]</value>
  </variable>
</includes>