﻿<?xml version="1.0" encoding="UTF-8"?>
<window>
   
  <defaultcontrol always="true">50</defaultcontrol>
  <include>OpenClose</include>
  <controls>
   <control type="group" description="fanart">
      <include>Fanart_Art</include>
    </control>
    <include>View_50</include>
    <include>View_51_Panel_Music</include>
	<!--<include>View_52_BigList</include>-->
    <include>View_53_Grid</include>
    <include>View_54_LowList</include>
    <include condition="Skin.HasSetting(plexbmc)">View_55_BigPanel</include>
    <include>View_56_BannerList</include>
    <!-- Showcase 57 58 & 59 --> 
	<include>View_59_Showcase</include>
	<!-- LIST 50 -->
	<control type="group" description="MediaInfo List 50">
	<visible>Control.IsVisible(50)</visible>
	<control type="image" description="Thumb BG">
          <posx>60</posx>
          <posy>480</posy>
          <width>555</width>
          <height>555</height>
          <bordersize>-28</bordersize>
          <include>SquareThumbBG</include>
        </control>
		<control type="image" description="Thumb">
          <posx>60</posx>
          <posy>480</posy>
          <width>555</width>
          <height>555</height>
          <include>Icon_Fade</include>
          <include>SquareThumb</include>
        </control>
		
	</control>	
	
	<!-- LOWLIST 54 -->
	<control type="group" description="MediaInfo List 50">
	<posx>80</posx>
	<posy>630</posy>
	<visible>Control.IsVisible(54)</visible>
	<control type="image" description="Thumb BG">
          <width>420</width>
          <height>420</height>
          <bordersize>-22</bordersize>
          <include>SquareThumbBG</include>
        </control>
		<control type="image" description="Thumb">
          <width>420</width>
          <height>420</height>
          <include>Icon_Fade</include>
          <include>SquareThumb</include>
        </control>
	</control>
	<!-- LIST 55 Big Panel -->
	<control type="group" description="55">
      <visible>Control.IsVisible(55)</visible>
	  <include>OpenClose</include>
	  <include>View_55_BigPanel</include>
	  <control type="group" description="55 MediaInfo">
	    <posx>60</posx>
        <posy>139</posy>
        <control type="label" description="Title Label">
          <posy>18</posy>
          <width>600</width>
          <height>50</height>
		  <aligny>bottom</aligny>
		  <textcolor>Orange</textcolor>
          <font>InfoTitle</font>
		  <wrapmultiline>true</wrapmultiline>
		  <label>$INFO[ListItem.Label]</label>
        </control>
	    <control type="textbox" description="Plot51">
          <posx>0</posx>
          <posy>120</posy>
          <width>600</width>
          <height>630</height>
		  <align>left</align>
		  <label>$VAR[Plots]</label>
	    </control>
        <control type="image" description="Rating">
			<posx>-3</posx>
             <posy>830</posy>
             <include>Stars</include>
          </control>
   </control>
	 </control>
	<include>Time</include>
	 <control type="group" description="Side menu 9000 group">
      <include>9000Commons</include>
      <control type="grouplist" id="9000">
        <include>9000GrouplistParameters</include>
        <control type="button" id="3" description="Sort">
          <include>9000SysButtons</include>
        </control>
		 <control type="togglebutton" id="4" description="Sort direction">
          <include>9000SysButtons</include>
		  <label>$LOCALIZE[21429]:  $LOCALIZE[21430]</label>
		  <altlabel>$LOCALIZE[21429]:  $LOCALIZE[21431]</altlabel>
        </control>
        <control type="button" id="7" description="Playlists">
          <include>9000SysButtons</include>
          <label>$LOCALIZE[136]</label>
        </control>
		<control type="button" id="19" description="Filter">
          <include>9000SysButtons</include>
          <label>$LOCALIZE[587] $LOCALIZE[31292]</label>
        </control>
        <control type="button" id="697" description="Library">
          <visible>Library.HasContent(music) | Library.HasContent(musicvideos)</visible>
          <include>9000SysButtons</include>
          <label>$LOCALIZE[1024] $LOCALIZE[14022]</label>
          <onclick>ActivateWindow(MusicLibrary,root)</onclick>
        </control>
        <control type="togglebutton" id="699" description="Playing">
          <enable>Player.HasMedia</enable>
          <include>9000SysButtons</include>
          <label>$LOCALIZE[16003]</label>
          <onclick>fullscreen</onclick>
          <animation effect="fade" start="100" end="60" time="100" condition="!Player.HasMedia">Conditional</animation>
        </control>
      </control>
    </control>
    
    
  </controls>
</window>