﻿<?xml version="1.0" encoding="UTF-8"?>
<window>
  <defaultcontrol always="true">50</defaultcontrol>
   <controls>
    <control type="group" description="BG">
      <include>Fanart_Art</include>

	  <control type="group" description="Showcase trigger">
      <animation effect="slide" easing="out" start="0,0" end="0,-90" time="350" delay="0" center="120,350" reversible="true" condition="Control.HasFocus(7000)">Conditional</animation>
      <include>Time</include>
    </control>
    </control>
    <!-- LIST 50 -->
    <control type="group" description="50 MediaInfo">
      <visible>Control.IsVisible(50)</visible>
      <include>OpenClose</include>
	  <include>View_50</include>
	  <control type="group" description="Thumbs NO info">
        <visible>![Container.Content(musicvideos) | Container.Content(movies) | container.content(tvshows) | container.content(episodes)]</visible>
        <control type="image" id="70050" description="Poster">
          <visible>SubString(Container.FolderPath,videodb://1/2,left) | SubString(Container.FolderPath,videodb://4,left) | Container.Content(Seasons)</visible>
          <posx>147</posx>
          <posy>426</posy>
          <width>429</width>
          <height>621</height>
          <include>Icon_Fade</include>
          <texture fallback="DefaultFolder.png" background="true">$INFO[ListItem.thumb]</texture>
          <include>ThumbBorder</include>
          <aspectratio aligny="bottom">scale</aspectratio>
        </control>
        <control type="image" description="Generic thumb">
          <visible>!Control.IsVisible(70050) + !container.content(artists)</visible>
          <posx>60</posx>
          <posy>426</posy>
          <width>570</width>
          <height>621</height>
          <include>Icon_Fade</include>
          <texture fallback="DefaultFolder.png" background="true">$INFO[ListItem.thumb]</texture>
          <include>ThumbBorder</include>
          <aspectratio aligny="bottom">keep</aspectratio>
        </control>
        <control type="image" description="Generic thumb">
          <visible>!Control.IsVisible(70050) + container.content(artists)</visible>
          <posx>60</posx>
          <posy>504</posy>
          <width>550</width>
          <height>550</height>
          <include>Icon_Fade</include>
          <texture fallback="DefaultFolder.png" background="true">$INFO[ListItem.thumb]</texture>
          <include>ThumbBorder</include>
          <aspectratio aligny="top">scale</aspectratio>
        </control>
      </control>
      <control type="group" description="MediaInfo">
        <visible>Container.Content(musicvideos) | Container.Content(movies) | container.content(tvshows) | container.content(episodes)</visible>
        <control type="group" description="Movies and shows">
          <visible>!container.content(episodes)</visible>
          <control type="image" description="Thumb">
            <visible>!Container.content(episodes)</visible>
            <posx>40</posx>
            <posy>444</posy>
            <width>470</width>
            <height>600</height>
            <include>Icon_Fade</include>
            <texture fallback="DefaultFolder.png" background="true">$INFO[ListItem.thumb]</texture>
            <include>ThumbBorder</include>
            <aspectratio aligny="bottom">keep</aspectratio>
          </control>
          <control type="image" description="Thumb">
            <visible>Container.content(episodes)</visible>
            <posx>60</posx>
            <posy>370</posy>
            <width>636</width>
            <height>360</height>
            <include>Icon_Fade</include>
            <texture fallback="DefaultFolder.png" background="true">$INFO[ListItem.thumb]</texture>
            <include>ThumbBorder</include>
            <aspectratio>scale</aspectratio>
          </control>
          <control type="group" description="Media info">
            <animation effect="fade" delay="100" time="300">Visible</animation>
            <animation effect="fade" time="0">Hidden</animation>
            <posx>555</posx>
            <posy>486</posy>
            <control type="label" description="Title">
              <posy>142</posy>
              <width>650</width>
              <height>33</height>
              <font>InfoTitle</font>
              <textcolor>Orange</textcolor>
              <shadowcolor>Black</shadowcolor>
              <align>left</align>
              <scroll>false</scroll>
              <label>$INFO[ListItem.Title]</label>
            </control>
            <control type="label" description="Details">
              <posy>192</posy>
              <width>650</width>
              <height>33</height>
              <font>Details</font>
              <shadowcolor>Black</shadowcolor>
			  <scroll>false</scroll>
              <label>$VAR[Details]</label>
            </control>
            <control type="textbox" description="Plot51">
              <posy>249</posy>
              <width>650</width>
              <height>260</height>
              <shadowcolor>Black</shadowcolor>
              <label>$VAR[Plots]</label>
            </control>
            <control type="image" description="Stars">
              <posx>-6</posx>
              <posy>523</posy>
              <include>Stars</include>
            </control>
            <control type="image" description="HD badge">
              <visible>![ListItem.IsFolder | IsEmpty(ListItem.VideoResolution) | !IntegerGreaterThan(ListItem.VideoResolution,710)]</visible>
              <posx>120</posx>
              <posy>525</posy>
              <height>24</height>
              <width>90</width>
              <aspectratio aligny="bottom" align="right">keep</aspectratio>
              <texture>badges/HD.png</texture>
            </control>
          </control>
        </control>
        <control type="group" description="Episodes only">
          <visible>container.content(episodes)</visible>
          <posx>60</posx>
          <posy>531</posy>
          <control type="image" description="Thumb">
            <posx>-6</posx>
            <posy>-99</posy>
            <width>720</width>
            <height>384</height>
            <include>Icon_Fade</include>
            <texture fallback="DefaultFolder.png" background="true">$INFO[ListItem.thumb]</texture>
            <include>ThumbBorder</include>
            <aspectratio>scale</aspectratio>
          </control>
          <control type="group" description="Media info">
            <posx>0</posx>
            <posy>120</posy>
            <control type="label" description="Details">
              <posy>179</posy>
              <height>33</height>
              <width>708</width>
              <font>Details</font>
              <label>$VAR[Details]</label>
            </control>
            <control type="textbox" description="Plot51">
              <posx>0</posx>
              <posy>221</posy>
              <width>708</width>
              <height>124</height>
              <label>$VAR[Plots]</label>
            </control>
            <control type="image" description="Stars">
              <posx>-6</posx>
              <posy>360</posy>
              <include>Stars</include>
            </control>
            <control type="image" description="HD badge">
              <visible>![ListItem.IsFolder | IsEmpty(ListItem.VideoResolution) | !IntegerGreaterThan(ListItem.VideoResolution,710)]</visible>
              <posx>120</posx>
              <posy>363</posy>
              <height>24</height>
              <width>90</width>
              <aspectratio aligny="bottom" align="right">keep</aspectratio>
              <texture>badges/HD.png</texture>
            </control>
          </control>
        </control>
      </control>
    </control>
    <!-- LIST 51 Panel -->
	<control type="group" description="51 MediaInfo">
      <visible>Control.IsVisible(51)</visible>
	  <include>OpenClose</include>
	  <include>View_51_Panel</include>
	  <control type="group" description="Media info">
        <posx>60</posx>
        <posy>390</posy>
        <control type="label" description="Title Label">
          <posy>0</posy>
          <width>600</width>
          <height>60</height>
		  <font>InfoTitle</font>
		  <textcolor>Orange</textcolor>
          <label>$INFO[ListItem.Label]</label>
		  <wrapmultiline>true</wrapmultiline>
        </control>
        <control type="label" description="Details">
          <posy>90</posy>
          <height>33</height>
          <width>600</width>
          <font>Details</font>
          <label>$VAR[Details]</label>
        </control>
        <control type="textbox" description="Plot51">
          <posx>0</posx>
          <posy>147</posy>
          <width>600</width>
          <height>382</height>
          <label>$VAR[Plots]</label>
        </control>
		<control type="grouplist" description="Flags">
        <visible>!ListItem.IsFolder</visible>
		<posy>552</posy>
        <width min="90" max="650">auto</width>
        <height>120</height>
        <itemgap>30</itemgap>
        <orientation>horizontal</orientation>
        <align>left</align>
        <aligny>bottom</aligny>
        <control type="image">
          <visible>!IsEmpty(ListItem.AudioCodec)</visible>
          <height>45</height>
          <width>90</width>
          <bordersize>3</bordersize>
          <aspectratio>keep</aspectratio>
          <colordiffuse>Silver</colordiffuse>
          <texture>$INFO[ListItem.AudioCodec,badges/audio/,.png]</texture>
        </control>
		<control type="image">
          <visible>!IsEmpty(ListItem.AudioChannels)</visible>
          <height>45</height>
          <width>90</width>
          <bordersize>3</bordersize>
          <aspectratio>keep</aspectratio>
          <colordiffuse>Silver</colordiffuse>
          <texture>$INFO[ListItem.AudioChannels,badges/channels,.png]</texture>
        </control>
		<control type="image">
          <visible>!IsEmpty(ListItem.VideoCodec)</visible>
          <height>45</height>
          <width>90</width>
          <bordersize>3</bordersize>
          <aspectratio>keep</aspectratio>
          <colordiffuse>Silver</colordiffuse>
          <texture>$INFO[ListItem.VideoCodec,badges/video/,.png]</texture>
        </control>
        <control type="image">
          <visible>!IsEmpty(ListItem.VideoResolution) + IntegerGreaterThan(ListItem.VideoResolution,710)</visible>
          <height>45</height>
          <width>90</width>
          <posx>0</posx>
          <posy>0</posy>
          <bordersize>3</bordersize>
          <aspectratio>keep</aspectratio>
          <colordiffuse>Silver</colordiffuse>
          <texture>$INFO[ListItem.VideoResolution,badges/video/,.png]</texture>
        </control>
      </control>
	  <control type="label" description="Addon version">
          <visible>Container.Content(addons)</visible>
		  <posy>624</posy>
          <width>800</width>
          <height>33</height>
          <font>Details</font>
          <label>$INFO[ListItem.Label2,$LOCALIZE[19114] : ]</label>
        </control>
	  <control type="image" description="Rating">
			<posx>-3</posx>
             <posy>612</posy>
             <include>Stars</include>
          </control>
      </control>
	</control>
    <!-- GRID 53 -->
    <control type="group" description="53">
	<include>OpenClose</include>
	<include>View_53_Grid</include>
    </control>
	<!-- LIST 54 Low List -->
    <control type="group" description="54 MediaInfo">
      <visible>Control.IsVisible(54)</visible>
	   <include>OpenClose</include>
	   <include>View_54_LowList</include>
	   <control type="image" description="GENERIC Thumb ONLY">
           <visible>![Container.content(MusicVideos) | Container.Content(movies) | container.content(tvshows) | container.content(episodes)]</visible>
		    <posx>60</posx>
            <posy>573</posy>
            <width>580</width>
            <height>480</height>
            <include>Icon_Fade</include>
            <texture fallback="DefaultFolder.png" background="true">$INFO[ListItem.thumb]</texture>
            <include>ThumbBorder</include>
            <aspectratio aligny="bottom">keep</aspectratio>
          </control>
      <control type="group" description="MediaInfo">
        <visible>Container.content(MusicVideos) | Container.Content(movies) | container.content(tvshows) | container.content(episodes)</visible>
        <control type="group" description="Movies and shows">
          <visible>!container.content(episodes)</visible>
          <control type="image">
            <posx>60</posx>
            <posy>681</posy>
            <width>246</width>
            <height>366</height>
			<bordersize>-17</bordersize>
			<include>PosterThumbBG</include>
          </control>
          <control type="image">
            <posx>60</posx>
            <posy>681</posy>
            <width>246</width>
            <height>366</height>
			<include>Icon_Fade</include>
            <include>PosterThumb</include>
          </control>
		  <control type="group" description="Media info">
            <posx>375</posx>
            <posy>618</posy>
            <control type="label" description="Title">
              <posy>117</posy>
              <width>800</width>
              <height>33</height>
              <font>InfoTitle</font>
              <textcolor>Orange</textcolor>
              <shadowcolor>Black</shadowcolor>
              <align>left</align>
              <scroll>false</scroll>
              <label>$INFO[ListItem.Title]</label>
            </control>
            <control type="label" description="Details">
              <posy>165</posy>
              <width>800</width>
              <height>33</height>
              <font>Details</font>
              <shadowcolor>Black</shadowcolor>
              <label>$VAR[Details]</label>
            </control>
            <control type="textbox" description="Plot51">
              <posy>215</posy>
              <width>800</width>
              <height>178</height>
              <shadowcolor>Black</shadowcolor>
              <label>$VAR[Plots]</label>
            </control>
            <control type="image" description="Stars">
              <posx>-5</posx>
              <posy>399</posy>
              <include>Stars</include>
            </control>
            <control type="image" description="HD badge">
              <visible>![ListItem.IsFolder | IsEmpty(ListItem.VideoResolution) | !IntegerGreaterThan(ListItem.VideoResolution,710)]</visible>
              <posx>120</posx>
              <posy>400</posy>
              <height>24</height>
              <width>90</width>
              <aspectratio aligny="bottom" align="right">keep</aspectratio>
              <texture>badges/HD.png</texture>
            </control>
          </control>
        </control>
        <control type="group" description="Episodes only">
          <visible>container.content(episodes)</visible>
          <control type="image">
            <posx>51</posx>
            <posy>711</posy>
            <width>492</width>
            <height>332</height>
			<bordersize>-23</bordersize>
            <include>EpisodeThumbBG</include>
          </control>
          <control type="image">
            <posx>51</posx>
            <posy>711</posy>
            <width>492</width>
            <height>332</height>
            <include>Icon_Fade</include>
            <include>EpisodeThumb</include>
          </control>
		  <control type="group" description="Media info">
            <posx>594</posx>
            <posy>585</posy>
			<control type="label" description="Title">
              <posy>148</posy>
              <width>570</width>
              <height>33</height>
              <font>InfoTitle</font>
              <textcolor>Orange</textcolor>
              <shadowcolor>Black</shadowcolor>
              <align>left</align>
              <scroll>false</scroll>
              <label>$INFO[ListItem.Title]</label>
            </control>
            <control type="textbox" description="Plot">
              <posx>0</posx>
              <posy>200</posy>
              <width>570</width>
              <height>210</height>
              <label>$VAR[Plots]</label>
            </control>
            <control type="image" description="Stars">
              <posx>-6</posx>
              <posy>431</posy>
              <include>Stars</include>
            </control>
            <control type="image" description="HD badge">
              <visible>![ListItem.IsFolder | IsEmpty(ListItem.VideoResolution) | !IntegerGreaterThan(ListItem.VideoResolution,710)]</visible>
              <posx>120</posx>
              <posy>433</posy>
              <height>24</height>
              <width>90</width>
              <aspectratio aligny="bottom" align="right">keep</aspectratio>
              <texture>badges/HD.png</texture>
            </control>
          </control>
        </control>
      </control>
    </control>
	<!-- LIST 55 Big Panel -->
	<control type="group" description="55">
      <visible>Control.IsVisible(55)</visible>
	  <include>OpenClose</include>
	  <include>View_55_BigPanel</include>
	  <control type="group" description="55 MediaInfo">
	    <posx>60</posx>
        <posy>139</posy>
        <control type="label" description="Title Label">
          <posy>18</posy>
          <width>630</width>
          <height>50</height>
		  <aligny>bottom</aligny>
		  <textcolor>Orange</textcolor>
          <font>InfoTitle</font>
		  <wrapmultiline>true</wrapmultiline>
		  <label>$INFO[ListItem.Label]</label>
        </control>
		<control type="image" description="Watched Overlay">
		  <visible>Container.Content(movies)</visible>
		  <posx>-31</posx>
		  <posy>17</posy>
		  <width>20</width>
		  <height>50</height>
		  <colordiffuse>White2</colordiffuse>
		  <texture>$VAR[Overlay]</texture>
		  <aspectratio>keep</aspectratio>
		</control>
        <control type="label" description="Details">
          <posy>108</posy>
          <height>33</height>
          <width>630</width>
          <font>Details</font>
		  <label>$VAR[Details]</label>
        </control>
		<control type="label" description="Genre">
          <posy>153</posy>
          <height>33</height>
		  <width>630</width>
		  <scroll>false</scroll>
          <font>Details</font>
		  <label>$INFO[ListItem.Genre]</label>
        </control>
		<control type="textbox" description="Plot51">
          <posx>0</posx>
          <posy>207</posy>
          <width>630</width>
          <height>548</height>
		  <align>left</align>
		  <label>$VAR[Plots]</label>
	    </control>
      <control type="grouplist" description="Flags">
        <visible>!ListItem.IsFolder</visible>
		<posy>780</posy>
        <width min="90" max="650">auto</width>
        <height>120</height>
        <itemgap>30</itemgap>
        <orientation>horizontal</orientation>
        <align>left</align>
        <aligny>bottom</aligny>
        <control type="image">
          <visible>!IsEmpty(ListItem.AudioCodec)</visible>
          <height>45</height>
          <width>90</width>
          <bordersize>3</bordersize>
          <aspectratio>keep</aspectratio>
          <colordiffuse>Silver</colordiffuse>
          <texture>$INFO[ListItem.AudioCodec,badges/audio/,.png]</texture>
        </control>
		<control type="image">
          <visible>!IsEmpty(ListItem.AudioChannels)</visible>
          <height>45</height>
          <width>90</width>
          <bordersize>3</bordersize>
          <aspectratio>keep</aspectratio>
          <colordiffuse>Silver</colordiffuse>
          <texture>$INFO[ListItem.AudioChannels,badges/channels,.png]</texture>
        </control>
		<control type="image">
          <visible>!IsEmpty(ListItem.VideoCodec)</visible>
          <height>45</height>
          <width>90</width>
          <bordersize>3</bordersize>
          <aspectratio>keep</aspectratio>
          <colordiffuse>Silver</colordiffuse>
          <texture>$INFO[ListItem.VideoCodec,badges/video/,.png]</texture>
        </control>
        <control type="image">
          <visible>!IsEmpty(ListItem.VideoResolution) + IntegerGreaterThan(ListItem.VideoResolution,710)</visible>
          <height>45</height>
          <width>90</width>
          <posx>0</posx>
          <posy>0</posy>
          <bordersize>3</bordersize>
          <aspectratio>keep</aspectratio>
          <colordiffuse>Silver</colordiffuse>
          <texture>$INFO[ListItem.VideoResolution,badges/video/,.png]</texture>
        </control>
      </control>
	  <control type="image" description="Rating">
			<posx>-3</posx>
             <posy>840</posy>
             <include>Stars</include>
          </control>
		  <control type="label" description="Addon version">
          <visible>Container.Content(addons)</visible>
		  <posy>840</posy>
          <width>800</width>
          <height>33</height>
          <font>Details</font>
          <label>$INFO[ListItem.Label2,$LOCALIZE[19114] : ]</label>
        </control>
	</control>
	 </control>
	<!-- LIST 56 Banner List -->
	<control type="group" description="56">
	<include>OpenClose</include>
	<include>View_56_BannerList</include> 
    </control>
    <!-- LIST 57,58,59 Fanart -->
	<control type="group" description="Fanart View">
	<include>OpenClose</include>
	<include>View_59_Showcase</include> 
    </control>
    <!-- SIDE MENU -->
    <control type="group" description="Side menu 9000 group">
      <include>9000Commons</include>
      <control type="grouplist" id="9000">
        <include>9000GrouplistParameters</include>
        <control type="togglebutton" id="14" description="Toggle Watched">
          <include>9000SysButtons</include>
          <label>$LOCALIZE[535]: $LOCALIZE[16100]</label>
          <altlabel>$LOCALIZE[535]: $LOCALIZE[16101]</altlabel>
        </control>
        <control type="button" id="3" description="Sort">
          <include>9000SysButtons</include>
        </control>
        <control type="togglebutton" id="4" description="Sort direction">
          <include>9000SysButtons</include>
          <label>$LOCALIZE[21429]:  $LOCALIZE[21430]</label>
          <altlabel>$LOCALIZE[21429]:  $LOCALIZE[21431]</altlabel>
        </control>
        <control type="radiobutton" id="17" description="Flatten">
          <include>9000SysButtons</include>
          <label>$LOCALIZE[14022] - $LOCALIZE[20411]</label>
          <onclick>fullscreen</onclick>
        </control>
        <control type="button" id="698" description="Browse files">
          <include>9000SysButtons</include>
          <label>$LOCALIZE[1024] $LOCALIZE[744]</label>
          <onclick>ActivateWindow(Videos,files)</onclick>
        </control>
        <control type="button" id="8" description="Search">
          <include>9000SysButtons</include>
          <label>$LOCALIZE[137]</label>
        </control>
      </control>
    </control>
	
  </controls>
</window>
