﻿<?xml version="1.0" encoding="UTF-8"?>
<window type="dialog">
  <defaultcontrol always="true">2</defaultcontrol>
  <backgroundcolor>0</backgroundcolor>
  <controls>
    <include>Settings_Art</include>
	<include>Time</include>
	<control type="group" description="Content">
	<include>DialogOpenClose</include>
	<posx>560</posx>
	<posy>180</posy>
	<control type="image">
      <posx>-14</posx>
      <posy>0</posy>
      <width>828</width>
      <height>650</height>
      <texture border="20,40,20,40">dialogs/DialogProgressBG.png</texture>
    </control>
	<control type="label" description="Heading">
      <posx>0</posx>
      <posy>50</posy>
      <width>800</width>
      <height>40</height>
	  <align>center</align>
	  <textcolor>Orange</textcolor>
      <label>10034</label>
    </control>
    <control type="togglebutton" id="4" description="Enable Login Screen">
      <posx>0</posx>
      <posy>120</posy>
      <width>800</width>
      <label>$LOCALIZE[20096]:  $LOCALIZE[1223]</label>
      <altlabel>$LOCALIZE[20096]:  $LOCALIZE[305]</altlabel>
      <onright>-</onright>
      <onleft>-</onleft>
      <onup>-</onup>
      <ondown>2</ondown>
      <textoffsetx>30</textoffsetx>
    </control>
    <control type="group" description="Slider and List">
      <posx>0</posx>
      <posy>180</posy>
      <control type="list" id="2">
        <posx>0</posx>
        <posy>0</posy>
        <width>800</width>
        <height>360</height>
        <onleft>-</onleft>
        <onright>-</onright>
        <onup>4</onup>
        <ondown>-</ondown>
        <pagecontrol>60</pagecontrol>
        <scrolltime>280</scrolltime>
        <itemlayout width="800" height="60">
          <control type="image">
			  <posx>0</posx>
			  <posy>0</posy>
			  <width>800</width>
			  <height>60</height>
			  <texture border="3" flipy="true">list/ListNF.png</texture>
			</control>
		  <control type="label" description="Label2">
            <posx>30r</posx>
            <posy>0</posy>
            <height>60</height>
            <width>800</width>
            <font>Label2</font>
            <scroll>false</scroll>
            <align>right</align>
            <label>$INFO[ListItem.Label2]</label>
          </control>
		  <control type="label" description="Main Label">
            <posx>0</posx>
            <posy>0</posy>
            <height>60</height>
            <width>800</width>
            <textoffsetx>30</textoffsetx>
			<label>$INFO[ListItem.Label]</label>
          </control>
          
        </itemlayout>
        <focusedlayout width="800" height="60">
          <control type="image">
			  <posx>0</posx>
			  <posy>0</posy>
			  <width>800</width>
			  <height>60</height>
			  <texture border="3" flipy="true">list/ListNF.png</texture>
			</control>
			<control type="image">
            <visible>!Control.HasFocus(4)</visible>
            <posx>0</posx>
            <posy>0</posy>
            <width>800</width>
            <height>60</height>
            <texture border="2">buttons/ButtonFO.png</texture>
           </control>
          <control type="label" description="Label2">
            <posx>30r</posx>
            <posy>0</posy>
            <height>60</height>
            <width>800</width>
            <font>Label2</font>
            <align>right</align>
            <label>$INFO[ListItem.Label2]</label>
          </control>
		  <control type="label" description="Main Label">
            <posx>0</posx>
            <posy>0</posy>
            <height>60</height>
            <width>800</width>
            <textoffsetx>30</textoffsetx>
			<label>$INFO[ListItem.Label]</label>
          </control>
          
        </focusedlayout>
      </control>
    </control>
	</control>
  </controls>
</window>