﻿<?xml version="1.0" encoding="UTF-8"?>
<window>
  <defaultcontrol>5</defaultcontrol>
  <animation effect="slide" start="807,0" end="0,0" time="450" tween="quadratic" easing="out">WindowOpen</animation>
    <animation effect="slide" start="0,0" end="807,0" time="300" tween="quadratic" easing="in">WindowClose</animation>
	<animation effect="fade" start="0" end="100" time="380">WindowOpen</animation>
	<animation effect="fade" start="100" end="0" time="100" delay="150">WindowClose</animation>
  <controls>
    <control type="group">
      <posx>1020</posx>
      <posy>0</posy>
      <animation effect="fade" start="100" end="0" time="400" condition="Window.IsVisible(SliderDialog) | Window.IsVisible(FileBrowser)">Conditional</animation>
      <control type="image" description="background image">
        <posx>36</posx>
        <posy>0</posy>
        <width>867</width>
        <height>1080</height>
        <texture border="30,0,0,0">dialogs/VideoOSDSettingsBG.png</texture>
        <aspectratio>stretch</aspectratio>
      </control>
      <control type="label" id="2" description="Settings">
        <posx>90</posx>
        <posy>21</posy>
        <width>780</width>
        <font>InfoTitle</font>
		<textcolor>Orange</textcolor>
        <align>center</align>
      </control>
      <control type="grouplist" id="5" description="Control Area">
        <posx>90</posx>
        <posy>105</posy>
        <width>780</width>
        <height>1002</height>
        <itemgap>3</itemgap>
        <orientation>vertical</orientation>
        <pagecontrol>60</pagecontrol>
        <onup>5</onup>
        <ondown>5</ondown>
      </control>
      <control type="button" id="7">
        <textoffsetx>20</textoffsetx>
		<font>Details</font>
      </control>
      <control type="radiobutton" id="8">
		<font>Details</font>
      </control>
      <control type="spincontrolex" id="9">
		<font>Details</font>
        <reverse>yes</reverse>
      </control>
      <control type="sliderex" id="10">
        <align>left</align>
        <font>Details</font>
      </control>
    </control>
  </controls>
</window>
