<?xml version="1.0" encoding="UTF-8"?>
<includes>
  <include name="View_53_Grid">
    <control type="group" description="Grid view">
      <visible>Control.IsVisible(53)</visible>
      <control type="panel" id="53" description="Grid">
        
		<viewtype label="536">Grid</viewtype>
        <posx>60</posx>
        <posy>90</posy>
        <width>1800</width>
        <height>1000</height>
        <orientation>vertical</orientation>
        <onleft>9000</onleft>
        <onright>60</onright>
        <onup>53</onup>
        <ondown>53</ondown>
        <preloaditems>4</preloaditems>
        <pagecontrol>60</pagecontrol>
        <scrolltime>400</scrolltime>
        <itemlayout condition="Container.Content(TvShows) + Skin.HasSetting(53_UseBanners)" height="230" width="900">
          <control type="image">
            <posx>30</posx>
            <posy>24</posy>
            <width>834</width>
            <height>153</height>
            <include>ThumbBorderInside</include>
          </control>
          <control type="image">
            <posx>30</posx>
            <posy>24</posy>
            <width>834</width>
            <height>153</height>
            <texture background="true">$VAR[Banner]</texture>
            <aspectratio>keep</aspectratio>
          </control>
        </itemlayout>
        <focusedlayout condition="Container.Content(TvShows) + Skin.HasSetting(53_UseBanners)" height="230" width="900">
          <control type="image">
            <posx>30</posx>
            <posy>24</posy>
            <width>834</width>
            <height>153</height>
            <include>ThumbBorderInside</include>
          </control>
          <control type="image">
            <posx>30</posx>
            <posy>24</posy>
            <width>834</width>
            <height>153</height>
            <texture background="true">$VAR[Banner]</texture>
            <aspectratio>keep</aspectratio>
          </control>
          <control type="image">
            <posx>30</posx>
            <posy>24</posy>
            <width>834</width>
            <height>153</height>
            <texture border="25">img/Frame.png</texture>
            <bordersize>-27</bordersize>
            <aspectratio>stretch</aspectratio>
          </control>
        </focusedlayout>
        <itemlayout condition="!Skin.HasSetting(53_BigGrid) + [[Container.Content(TvShows) + !Skin.HasSetting(53_UseBanners)] | Container.Content(musicvideos) | container.content(movies) | container.content(seasons)]" height="420" width="257">
          <control type="image">
            <posx>20</posx>
            <posy>24</posy>
            <width>216</width>
            <height>315</height>
            <include>PosterThumbBG</include>
          </control>
          <control type="image">
            <posx>20</posx>
            <posy>24</posy>
            <width>216</width>
            <height>315</height>
            <include>PosterThumb</include>
          </control>
        </itemlayout>
        <focusedlayout condition="!Skin.HasSetting(53_BigGrid) + [[Container.Content(TvShows) + !Skin.HasSetting(53_UseBanners)] | Container.Content(musicvideos) | container.content(movies) | container.content(seasons)]" height="420" width="257">
          <control type="image">
            <posx>20</posx>
            <posy>24</posy>
            <width>216</width>
            <height>315</height>
            <include>PosterThumbFO</include>
          </control>
          <control type="image">
            <posx>20</posx>
            <posy>24</posy>
            <width>216</width>
            <height>315</height>
            <include>PosterThumb</include>
          </control>
          <control type="label">
            <posx>128</posx>
            <posy>351</posy>
            <width>250</width>
            <height>45</height>
            <textcolor>Orange</textcolor>
            <align>center</align>
            <label>$INFO[ListItem.Label]</label>
          </control>
        </focusedlayout>
        <itemlayout condition="Skin.HasSetting(53_BigGrid) + [[Container.Content(TvShows) + !Skin.HasSetting(53_UseBanners)] | Container.Content(musicvideos) | container.content(movies) | container.content(seasons)]" height="465" width="300">
          <control type="image">
            <posx>15</posx>
            <posy>18</posy>
            <width>270</width>
            <height>393</height>
            <texture fallback="DefaultFolder.png" background="true">$INFO[ListItem.thumb]</texture>
            <include>ThumbBorder</include>
            <aspectratio>scale</aspectratio>
          </control>
        </itemlayout>
        <focusedlayout condition="Skin.HasSetting(53_BigGrid) + [[Container.Content(TvShows) + !Skin.HasSetting(53_UseBanners)] | Container.Content(musicvideos) | container.content(movies) | container.content(seasons)]" height="465" width="300">
          <control type="image">
            <posx>15</posx>
            <posy>18</posy>
            <width>270</width>
            <height>393</height>
            <texture border="25">img/Frame.png</texture>
            <bordersize>-18</bordersize>
          </control>
          <control type="image">
            <posx>15</posx>
            <posy>18</posy>
            <width>270</width>
            <height>393</height>
            <texture fallback="DefaultFolder.png" background="true">$INFO[ListItem.thumb]</texture>
            <include>ThumbBorder</include>
            <aspectratio>scale</aspectratio>
          </control>
          <control type="label">
            <posx>150</posx>
            <posy>411</posy>
            <width>300</width>
            <height>45</height>
            <textcolor>Orange</textcolor>
            <align>center</align>
            <label>$INFO[ListItem.Label]</label>
          </control>
        </focusedlayout>
        <itemlayout condition="container.content(addons) | Window.IsActive(MyMusicNav.xml) | Window.IsActive(MyMusicSongs.xml) | Window.IsActive(MyPics.xml)" height="420" width="360">
          <control type="image">
            <posx>36</posx>
            <posy>27</posy>
            <width>288</width>
            <height>288</height>
            <include>SquareThumbBG</include>
          </control>
          <control type="image">
            <posx>36</posx>
            <posy>27</posy>
            <width>288</width>
            <height>288</height>
            <include>SquareThumb</include>
          </control>
		  <control type="label">
            <visible>Window.IsActive(MyMusicNav.xml) | Window.IsActive(MyMusicSongs.xml)</visible>
			<posx>172</posx>
            <posy>330</posy>
            <width>354</width>
            <height>45</height>
            <align>center</align>
            <label>$INFO[ListItem.Label]</label>
          </control>
        </itemlayout>
        <focusedlayout condition="container.content(addons) | Window.IsActive(MyMusicNav.xml) | Window.IsActive(MyMusicSongs.xml) | Window.IsActive(MyPics.xml)" height="420" width="360">
          <control type="image">
            <posx>36</posx>
            <posy>27</posy>
            <width>288</width>
            <height>288</height>
            <include>SquareThumbFO</include>
          </control>
          <control type="image">
            <posx>36</posx>
            <posy>27</posy>
            <width>288</width>
            <height>288</height>
            <include>SquareThumb</include>
          </control>
          <control type="label">
            <posx>172</posx>
            <posy>330</posy>
            <width>354</width>
            <height>45</height>
            <textcolor>Orange</textcolor>
            <align>center</align>
            <label>$INFO[ListItem.Label]</label>
          </control>
        </focusedlayout>
        <itemlayout height="420" width="450" condition="container.content(episodes)">
          <control type="group">
            <posx>15</posx>
            <posy>15</posy>
            <control type="image">
              <include>EpisodeShowcaseBG</include>
            </control>
            <control type="image">
              <include>EpisodeShowcaseThumb</include>
            </control>
            <control type="group">
              <visible>!IsEmpty(ListItem.Episode)</visible>
              <posy>207</posy>
              <control type="image">
                <posx>12</posx>
                <posy>5</posy>
                <width>390</width>
                <height>60</height>
                <texture>img/OverlayStripe.png</texture>
              </control>
              <control type="label">
                <posx>30</posx>
                <width>300</width>
                <height>70</height>
                <font>Slider</font>
                <textcolor>White2</textcolor>
                <label>$LOCALIZE[31973] $INFO[ListItem.Season,,.]$INFO[ListItem.Episode]</label>
              </control>
              <control type="image" description="Watched Overlay">
                <posx>360</posx>
                <width>24</width>
                <height>70</height>
                <texture>$VAR[Overlay]</texture>
                <aspectratio>keep</aspectratio>
              </control>
            </control>
          </control>
        </itemlayout>
        <focusedlayout height="420" width="450" condition="container.content(episodes)">
          <control type="group">
            <posx>15</posx>
            <posy>15</posy>
            <control type="image">
              <include>EpisodeShowcaseFO</include>
            </control>
            <control type="image">
              <include>EpisodeShowcaseThumb</include>
            </control>
            <control type="group">
              <visible>!IsEmpty(ListItem.Episode)</visible>
              <posy>207</posy>
              <control type="image">
                <posx>12</posx>
                <posy>5</posy>
                <width>390</width>
                <height>60</height>
                <texture>img/OverlayStripe.png</texture>
              </control>
              <control type="label">
                <posx>30</posx>
                <width>300</width>
                <height>70</height>
                <font>Slider</font>
                <textcolor>White2</textcolor>
                <label>$LOCALIZE[31973] $INFO[ListItem.Season,,.]$INFO[ListItem.Episode]</label>
              </control>
              <control type="image" description="Watched Overlay">
                <posx>360</posx>
                <width>24</width>
                <height>70</height>
                <texture>$VAR[Overlay]</texture>
                <aspectratio>keep</aspectratio>
              </control>
            </control>
            <control type="label">
              <posx>204</posx>
              <posy>291</posy>
              <width>450</width>
              <height>45</height>
              <textcolor>Orange</textcolor>
              <align>center</align>
              <label>$INFO[ListItem.Label]</label>
            </control>
          </control>
        </focusedlayout>
        <itemlayout condition="![container.content(episodes) | container.content(addons) | Window.IsActive(MyMusicNav.xml) | Window.IsActive(MyMusicSongs.xml) | Window.IsActive(MyPics.xml) | Container.Content(musicvideos) | container.content(movies) | container.content(TVshows) | container.content(seasons)]" height="420" width="450">
          <control type="image" description="GENERIC KEEP AR">
            <posx>30</posx>
            <posy>27</posy>
            <width>390</width>
            <height>288</height>
            <include>ThumbBorderInside</include>
          </control>
          <control type="image">
            <posx>30</posx>
            <posy>27</posy>
            <width>390</width>
            <height>288</height>
            <texture fallback="DefaultFolder.png" background="true">$INFO[ListItem.thumb]</texture>
            <aspectratio>keep</aspectratio>
          </control>
          <control type="label">
            <posx>225</posx>
            <posy>327</posy>
            <width>420</width>
            <height>45</height>
            <scroll>false</scroll>
            <align>center</align>
            <label>$INFO[ListItem.Label]</label>
          </control>
        </itemlayout>
        <focusedlayout condition="![container.content(episodes) | container.content(addons) | Window.IsActive(MyMusicNav.xml) | Window.IsActive(MyMusicSongs.xml) | Window.IsActive(MyPics.xml) | Container.Content(musicvideos) | container.content(movies) | container.content(TVshows) | container.content(seasons)]" height="420" width="450">
          <control type="image" description="GENERIC KEEP AR">
            <posx>30</posx>
            <posy>27</posy>
            <width>390</width>
            <height>288</height>
            <include>ThumbBorderInside</include>
          </control>
          <control type="image">
            <posx>30</posx>
            <posy>27</posy>
            <width>390</width>
            <height>288</height>
            <texture fallback="DefaultFolder.png" background="true">$INFO[ListItem.thumb]</texture>
            <aspectratio>keep</aspectratio>
          </control>
          <control type="image">
            <posx>30</posx>
            <posy>27</posy>
            <width>390</width>
            <height>288</height>
            <bordersize>-27</bordersize>
            <texture border="25">img/Frame.png</texture>
            <aspectratio>stretch</aspectratio>
          </control>
          <control type="label">
            <posx>225</posx>
            <posy>327</posy>
            <width>420</width>
            <height>45</height>
            <textcolor>Orange</textcolor>
            <align>center</align>
            <label>$INFO[ListItem.Label]</label>
          </control>
        </focusedlayout>
      </control>
      <control type="image" description="Bottom fade">
        <visible>Container.HasNext</visible>
        <include>VisibleFadeEffect</include>
        <posx>0</posx>
        <posy>1040</posy>
        <width>1920</width>
        <height>40</height>
        <texture>img/Gradient.png</texture>
        <aspectratio>stretch</aspectratio>
      </control>
      <control type="image">
        <visible>Control.HasFocus(60)</visible>
        <include>VisibleFadeEffect</include>
        <posx>28r</posx>
        <posy>360</posy>
        <height>700</height>
        <width>36</width>
        <aspectratio>stretch</aspectratio>
        <texture>OSD/LineScroll2.png</texture>
      </control>
      <control type="scrollbar" id="60">
        <animation effect="slide" start="0,0" end="-8,0" time="150">Focus</animation>
        <animation effect="slide" start="-8,0" end="0,0" time="300">UnFocus</animation>
        <posx>20r</posx>
        <posy>360</posy>
        <width>36</width>
        <height>700</height>
        <texturesliderbackground>-</texturesliderbackground>
        <texturesliderbar>-</texturesliderbar>
        <texturesliderbarfocus>-</texturesliderbarfocus>
        <textureslidernib border="18">OSD/ScrollbarNibNF.png</textureslidernib>
        <textureslidernibfocus border="18">OSD/ScrollbarNibFO.png</textureslidernibfocus>
        <showonepage>false</showonepage>
        <orientation>vertical</orientation>
        <onleft>53</onleft>
        <onright>9000</onright>
      </control>
    </control>
  </include>
</includes>
