<?xml version="1.0" encoding="UTF-8"?>
<includes>
  <include name="List52Label">
    <posx>15</posx>
    <posy>0</posy>
    <height>72</height>
    <width>700</width>
    <scroll>false</scroll>
    <aligny>center</aligny>
  </include>
  <include name="List52Label2">
    <posx>15</posx>
    <posy>42</posy>
    <height>72</height>
    <width>500</width>
    <font>52Label2</font>
    <aligny>center</aligny>
    <textcolor>Grey</textcolor>
  </include>
  <include name="List52_NF">
  <control type="image">
            <posx>0</posx>
            <posy>0</posy>
            <height>108</height>
            <width>780</width>
            <texture flipy="true" border="3">list/ListNF.png</texture>
          </control>
  </include>
  <include name="List52_FO">
  <control type="image">
            <posx>0</posx>
            <posy>1</posy>
            <width>780</width>
            <height>105</height>
            <texture>list/ListFO.png</texture>
          </control>
  </include>
  <include name="View_52_BigList">
    <control type="group" description="Large Infolist2">
      <visible>Control.IsVisible(52)</visible>
      <control type="list" id="52">
        <viewtype label="Large List">Large List</viewtype>
        <posx>1059</posx>
        <posy>172</posy>
        <width>780</width>
        <height>864</height>
        <pagecontrol>60</pagecontrol>
        <onleft>9000</onleft>
        <onright>60</onright>
        <onup>52</onup>
        <ondown>52</ondown>
        <preloaditems>4</preloaditems>
        <itemlayout condition="container.content(Movies) | container.content(TVShows) | Container.Content(Seasons) | [container.content(episodes) + !Skin.HasSetting(52_Episodes_UseFanart)]" height="108" width="780">
          <include>List52_NF</include>
          <control type="label">
            <include>List52Label</include>
            <label>$INFO[ListItem.Label]</label>
          </control>
          <control type="label">
            <include>List52Label2</include>
            <label>$VAR[Details]</label>
          </control>
          <control type="group">
            <visible>![Container.Content(TVShows) | Container.Content(Seasons)]</visible>
            <control type="image">
              <posx>52r</posx>
              <posy>0</posy>
              <width>22</width>
              <height>108</height>
              <texture>$VAR[Overlay]</texture>
              <aspectratio aligny="center">keep</aspectratio>
            </control>
          </control>
        </itemlayout>
        <focusedlayout condition="container.content(Movies) | container.content(TVShows) | Container.Content(Seasons) | [container.content(episodes) + !Skin.HasSetting(52_Episodes_UseFanart)]" height="108" width="780">
          <include>List52_NF</include>
		  <include>List52_FO</include>
          <control type="label">
            <textcolor>White2</textcolor>
            <include>List52Label</include>
            <label>$INFO[ListItem.Label]</label>
          </control>
          <control type="label">
            <textcolor>Grey3</textcolor>
            <include>List52Label2</include>
            <label>$VAR[Details]</label>
          </control>
          <control type="group">
            <visible>![Container.Content(TVShows) | Container.Content(Seasons)]</visible>
            <control type="image">
              <posx>52r</posx>
              <posy>0</posy>
              <width>22</width>
              <height>108</height>
              <texture>$VAR[Overlay]</texture>
              <aspectratio aligny="center">keep</aspectratio>
            </control>
          </control>
        </focusedlayout>
        <itemlayout condition="container.content(episodes) + Skin.HasSetting(52_Episodes_UseFanart)" height="108" width="780">
         <include>List52_NF</include>
          <control type="image">
            <posx>6</posx>
            <posy>6</posy>
            <height>96</height>
            <width>123</width>
            <aspectratio>scale</aspectratio>
            <texture>$INFO[ListItem.Icon]</texture>
          </control>
          <control type="image">
            <posx>141</posx>
            <posy>0</posy>
            <height>108</height>
            <width>21</width>
            <aspectratio>keep</aspectratio>
            <texture>$VAR[Overlay]</texture>
          </control>
          <control type="label">
            <posx>174</posx>
            <width>670</width>
            <include>List52Label</include>
            <label>$INFO[ListItem.Label]</label>
          </control>
          <control type="label">
            <posx>174</posx>
            <width>670</width>
            <include>List52Label2</include>
            <label>$VAR[Details]</label>
          </control>
        </itemlayout>
        <focusedlayout condition="container.content(episodes) + Skin.HasSetting(52_Episodes_UseFanart)" height="108" width="780">
          <include>List52_NF</include>
		  <include>List52_FO</include>
          <control type="image">
            <posx>6</posx>
            <posy>6</posy>
            <height>96</height>
            <width>123</width>
            <aspectratio>scale</aspectratio>
            <texture>$INFO[ListItem.Icon]</texture>
            
          </control>
          <control type="image">
            <posx>141</posx>
            <posy>0</posy>
            <height>108</height>
            <width>21</width>
            <aspectratio>keep</aspectratio>
            <texture>$VAR[Overlay]</texture>
          </control>
          <control type="label">
            <posx>174</posx>
            <width>670</width>
              <textcolor>White2</textcolor>
			  <include>List52Label</include>
            <label>$INFO[ListItem.Label]</label>
          </control>
          <control type="label">
            <posx>174</posx>
            <width>670</width>
             <textcolor>Grey3</textcolor>
			 <include>List52Label2</include>
            <label>$VAR[Details]</label>
          </control>
		  
        </focusedlayout>
        <itemlayout condition="container.content(albums) | container.content(songs)" height="99" width="870">
          <control type="image">
            <posx>0</posx>
            <posy>0</posy>
            <height>99</height>
            <width>870</width>
            <texture flipy="true" border="3">list/ListNF.png</texture>
          </control>
          <control type="image">
            <posx>7</posx>
            <posy>9</posy>
            <height>84</height>
            <width>84</width>
            <aspectratio>scale</aspectratio>
            <texture fallback="DefaultFolder.png" diffuse="thumbs/SquareDiffuse.png">$INFO[ListItem.thumb]</texture>
          </control>
          <control type="label">
            <posx>111</posx>
            <posy>18</posy>
            <height>40</height>
            <width>720</width>
            <scroll>false</scroll>
            <aligny>center</aligny>
            <label>$INFO[ListItem.Label]</label>
          </control>
          <control type="label">
            <posx>111</posx>
            <posy>63</posy>
            <height>30</height>
            <width>720</width>
            <scroll>false</scroll>
            <aligny>center</aligny>
            <textcolor>Grey</textcolor>
            <font>ListDetails</font>
            <label>$INFO[ListItem.Label2]</label>
          </control>
        </itemlayout>
        <focusedlayout condition="container.content(albums) | container.content(songs)" height="99" width="870">
          <control type="image">
            <posx>0</posx>
            <posy>0</posy>
            <height>99</height>
            <width>870</width>
            <texture flipy="true" border="3">list/ListNF.png</texture>
          </control>
          <control type="image">
            <posx>0</posx>
            <posy>1</posy>
            <width>870</width>
            <height>96</height>
            <texture>list/ListFO.png</texture>
          </control>
          <control type="image">
            <posx>7</posx>
            <posy>9</posy>
            <height>84</height>
            <width>84</width>
            <aspectratio>scale</aspectratio>
            <texture fallback="DefaultFolder.png" diffuse="thumbs/SquareDiffuse.png">$INFO[ListItem.thumb]</texture>
          </control>
          <control type="label">
            <posx>111</posx>
            <posy>18</posy>
            <height>40</height>
            <width>720</width>
            <scroll>false</scroll>
            <aligny>center</aligny>
            <textcolor>White2</textcolor>
            <label>$INFO[ListItem.Label]</label>
          </control>
          <control type="label">
            <posx>111</posx>
            <posy>63</posy>
            <height>30</height>
            <width>720</width>
            <scroll>false</scroll>
            <aligny>center</aligny>
            <textcolor>Grey2</textcolor>
            <font>ListDetails</font>
            <label>$INFO[ListItem.Label2]</label>
          </control>
        </focusedlayout>
        <itemlayout condition="![container.content(Movies) | container.content(TVShows) | container.content(episodes) | container.content(albums) | container.content(songs)]" height="72" width="870">
          <control type="image">
            <posx>0</posx>
            <posy>0</posy>
            <height>72</height>
            <width>870</width>
            <texture flipy="true" border="3">list/ListNF.png</texture>
          </control>
          <control type="label">
            <include>List52Label</include>
            <label>$INFO[ListItem.Label]</label>
          </control>
          <control type="label">
            <include>List52Label2</include>
            <label>$INFO[ListItem.Label2]</label>
          </control>
        </itemlayout>
        <focusedlayout condition="![container.content(Movies) | container.content(TVShows) | container.content(episodes) | container.content(albums) | container.content(songs)]" height="72" width="870">
          <control type="image">
            <posx>0</posx>
            <posy>0</posy>
            <height>72</height>
            <width>870</width>
            <texture flipy="true" border="3">list/ListNF.png</texture>
          </control>
          <control type="image">
            <posx>0</posx>
            <posy>1</posy>
            <width>870</width>
            <height>69</height>
            <texture>list/ListFO.png</texture>
          </control>
          <control type="label">
            <include>List52Label</include>
            <label>$INFO[ListItem.Label]</label>
          </control>
          <control type="label">
            <include>List52Label2</include>
            <label>$INFO[ListItem.Label2]</label>
          </control>
        </focusedlayout>
      </control>
      <control type="scrollbar" id="60">
        <animation effect="slide" start="0,0" end="-8,0" time="150">Focus</animation>
        <animation effect="slide" start="-8,0" end="0,0" time="300">UnFocus</animation>
        <posx>21r</posx>
        <posy>246</posy>
        <width>36</width>
        <height>792</height>
        <texturesliderbackground>-</texturesliderbackground>
        <texturesliderbar>-</texturesliderbar>
        <texturesliderbarfocus>-</texturesliderbarfocus>
        <textureslidernib border="18">OSD/ScrollbarNibNF.png</textureslidernib>
        <textureslidernibfocus border="18">OSD/ScrollbarNibFO.png</textureslidernibfocus>
        <showonepage>false</showonepage>
        <orientation>vertical</orientation>
        <onleft>52</onleft>
        <onright>-</onright>
      </control>
    </control>
  </include>
</includes>
