<?xml version="1.0" encoding="UTF-8" standalone="yes"?>
<addon id="xbian-xbmc-repository" name="XBIAN Addons" version="1.0.0" provider-name="xbmcxbian">
	<extension point="xbmc.addon.repository" name="XBIAN Addons">
		<info compressed="false">http://ivka57.dyndns-ip.com/xbian-xbmc-repository/addons.xml</info>
		<checksum>http://ivka57.dyndns-ip.com/xbian-xbmc-repository/addons.xml.md5</checksum>
		<datadir zip="false">http://ivka57.dyndns-ip.com/xbian-xbmc-repository</datadir>
	</extension>
	<extension point="xbmc.addon.metadata">
		<summary>XBIAN XBMC Addons</summary>
		<description>XBMC Addons distributed with Xbian RPI distro</description>
		<disclaimer>The owners and submitters to this repository do not host or distribute any of the content displayed by these addons nor do they have any affiliation with the content providers.</disclaimer>
		<platform>all</platform>
	</extension>
</addon>
