<?xml version="1.0" encoding="UTF-8" standalone="yes"?>
<addon id="repository.xbmcxbian" name="XBIAN Addons" version="1.0.0" provider-name="xbmcxbian">
	<extension point="xbmc.addon.repository" name="XBIAN Addons">
		<info compressed="false">https://github.com/xbianonpi/xbian-xbmc-repository/addon.xml</info>
		<checksum>https://github.com/xbianonpi/xbian-xbmc-repository/addons.xml.md5</checksum>
		<datadir zip="false">https://github.com/xbianonpi/xbian-xbmc-repository/</datadir>
	</extension>
	<extension point="xbmc.addon.metadata">
		<summary>XBIAN XBMC Addons</summary>
		<description></description>
		<disclaimer>The owners and submitters to this repository do not host or distribute any of the content displayed by these addons nor do they have any affiliation with the content providers.</disclaimer>
		<platform>all</platform>
	</extension>
</addon>
